iter	MAE
0	1493.350958
1	1493.171377
2	1492.985824
3	1492.803383
4	1492.616252
5	1492.450053
6	1492.267865
7	1492.095697
8	1491.915832
9	1491.741422
10	1491.55211
11	1491.363714
12	1491.176394
13	1491.005475
14	1490.829835
15	1490.650586
16	1490.473454
17	1490.300972
18	1490.118186
19	1489.949485
20	1489.758579
21	1489.577611
22	1489.393121
23	1489.203601
24	1489.028798
25	1488.854807
26	1488.676676
27	1488.497415
28	1488.317476
29	1488.134686
30	1487.9552
31	1487.771125
32	1487.597397
33	1487.409053
34	1487.218502
35	1487.039977
36	1486.862442
37	1486.679624
38	1486.496894
39	1486.323544
40	1486.135614
41	1485.96019
42	1485.775901
43	1485.599112
44	1485.412868
45	1485.241629
46	1485.060509
47	1484.885539
48	1484.718313
49	1484.547239
50	1484.367911
51	1484.195539
52	1484.021155
53	1483.847447
54	1483.674501
55	1483.507539
56	1483.331433
57	1483.155953
58	1482.986755
59	1482.823341
60	1482.646492
61	1482.469628
62	1482.290294
63	1482.119593
64	1481.950503
65	1481.777906
66	1481.601305
67	1481.418288
68	1481.234013
69	1481.057002
70	1480.872928
71	1480.702593
72	1480.52638
73	1480.346346
74	1480.172649
75	1480.002904
76	1479.831918
77	1479.656236
78	1479.488907
79	1479.317457
80	1479.149489
81	1478.971145
82	1478.797461
83	1478.615624
84	1478.443061
85	1478.263592
86	1478.098319
87	1477.930926
88	1477.763604
89	1477.595181
90	1477.411606
91	1477.23394
92	1477.069274
93	1476.906904
94	1476.734812
95	1476.558173
96	1476.379303
97	1476.216036
98	1476.042962
99	1475.881646
100	1475.720369
101	1475.539503
102	1475.365062
103	1475.187209
104	1475.009304
105	1474.847843
106	1474.680219
107	1474.506899
108	1474.326406
109	1474.158623
110	1473.983776
111	1473.806171
112	1473.62523
113	1473.460233
114	1473.282229
115	1473.121201
116	1472.954812
117	1472.778284
118	1472.609673
119	1472.438704
120	1472.265362
121	1472.08915
122	1471.924071
123	1471.759296
124	1471.591913
125	1471.425775
126	1471.248393
127	1471.085358
128	1470.920559
129	1470.758439
130	1470.580511
131	1470.411337
132	1470.24013
133	1470.074165
134	1469.900957
135	1469.732105
136	1469.561464
137	1469.390402
138	1469.220574
139	1469.055223
140	1468.878925
141	1468.710619
142	1468.546312
143	1468.374672
144	1468.209233
145	1468.042079
146	1467.874385
147	1467.707188
148	1467.537589
149	1467.37117
150	1467.20609
151	1467.047398
152	1466.877221
153	1466.709406
154	1466.547578
155	1466.370701
156	1466.204626
157	1466.03914
158	1465.862774
159	1465.697781
160	1465.526188
161	1465.363277
162	1465.20793
163	1465.050497
164	1464.886606
165	1464.71971
166	1464.553806
167	1464.392537
168	1464.228545
169	1464.064908
170	1463.906044
171	1463.749897
172	1463.58375
173	1463.422829
174	1463.2554
175	1463.085693
176	1462.918589
177	1462.749621
178	1462.578685
179	1462.423234
180	1462.251451
181	1462.089685
182	1461.918597
183	1461.758494
184	1461.599546
185	1461.441756
186	1461.26638
187	1461.104348
188	1460.945338
189	1460.789545
190	1460.623679
191	1460.467828
192	1460.30522
193	1460.139029
194	1459.973736
195	1459.810239
196	1459.636702
197	1459.472483
198	1459.309301
199	1459.151723
200	1458.99235
201	1458.839481
202	1458.6798
203	1458.51304
204	1458.351103
205	1458.192064
206	1458.02357
207	1457.860938
208	1457.702006
209	1457.545399
210	1457.380642
211	1457.219267
212	1457.053434
213	1456.885784
214	1456.713299
215	1456.543488
216	1456.387563
217	1456.219167
218	1456.053099
219	1455.888492
220	1455.728564
221	1455.562339
222	1455.405957
223	1455.250484
224	1455.088887
225	1454.923011
226	1454.756883
227	1454.589651
228	1454.431034
229	1454.270901
230	1454.104075
231	1453.939507
232	1453.771518
233	1453.607296
234	1453.446011
235	1453.284971
236	1453.119108
237	1452.960971
238	1452.810383
239	1452.652591
240	1452.486109
241	1452.331364
242	1452.169598
243	1452.008034
244	1451.839661
245	1451.673279
246	1451.523831
247	1451.362306
248	1451.208932
249	1451.052518
250	1450.8938
251	1450.739676
252	1450.576383
253	1450.414946
254	1450.250991
255	1450.093141
256	1449.937367
257	1449.784924
258	1449.62909
259	1449.463719
260	1449.299526
261	1449.134895
262	1448.969119
263	1448.815537
264	1448.660632
265	1448.503448
266	1448.344559
267	1448.178416
268	1448.016217
269	1447.864289
270	1447.719961
271	1447.562778
272	1447.413705
273	1447.252491
274	1447.090066
275	1446.938189
276	1446.774951
277	1446.615889
278	1446.469468
279	1446.306108
280	1446.156678
281	1445.989561
282	1445.82871
283	1445.67729
284	1445.51991
285	1445.361122
286	1445.206568
287	1445.050578
288	1444.888605
289	1444.73188
290	1444.574751
291	1444.427676
292	1444.265997
293	1444.11249
294	1443.958563
295	1443.808259
296	1443.656392
297	1443.506149
298	1443.345859
299	1443.188199
300	1443.035409
301	1442.88367
302	1442.728016
303	1442.570414
304	1442.416705
305	1442.25973
306	1442.097507
307	1441.946517
308	1441.788536
309	1441.62889
310	1441.47116
311	1441.332212
312	1441.184767
313	1441.037584
314	1440.878844
315	1440.726026
316	1440.573778
317	1440.423641
318	1440.263572
319	1440.112516
320	1439.971316
321	1439.820042
322	1439.668989
323	1439.508781
324	1439.348826
325	1439.204506
326	1439.054037
327	1438.898415
328	1438.7451
329	1438.587352
330	1438.427709
331	1438.278218
332	1438.123337
333	1437.970211
334	1437.81208
335	1437.659266
336	1437.508521
337	1437.357891
338	1437.203445
339	1437.051193
340	1436.895951
341	1436.746408
342	1436.601738
343	1436.456972
344	1436.29626
345	1436.134352
346	1435.97725
347	1435.829554
348	1435.682093
349	1435.533127
350	1435.386811
351	1435.228242
352	1435.085304
353	1434.942496
354	1434.797483
355	1434.646193
356	1434.497351
357	1434.343187
358	1434.192433
359	1434.037952
360	1433.901288
361	1433.75361
362	1433.605101
363	1433.458033
364	1433.304943
365	1433.152583
366	1432.999668
367	1432.846714
368	1432.696728
369	1432.547839
370	1432.397825
371	1432.241044
372	1432.091831
373	1431.944601
374	1431.798141
375	1431.641
376	1431.493923
377	1431.340167
378	1431.186528
379	1431.032218
380	1430.884194
381	1430.746492
382	1430.592806
383	1430.445001
384	1430.303485
385	1430.152785
386	1430.007529
387	1429.856439
388	1429.697955
389	1429.546777
390	1429.397527
391	1429.250636
392	1429.100543
393	1428.944426
394	1428.796254
395	1428.657189
396	1428.51197
397	1428.355089
398	1428.211646
399	1428.064962
400	1427.915353
401	1427.770319
402	1427.62111
403	1427.473689
404	1427.319103
405	1427.16101
406	1427.011764
407	1426.861831
408	1426.70885
409	1426.547397
410	1426.408097
411	1426.252109
412	1426.107979
413	1425.958619
414	1425.811408
415	1425.665749
416	1425.521587
417	1425.380681
418	1425.235241
419	1425.086562
420	1424.942422
421	1424.795259
422	1424.651643
423	1424.506182
424	1424.351628
425	1424.201562
426	1424.048694
427	1423.896241
428	1423.7453
429	1423.600462
430	1423.445711
431	1423.293308
432	1423.142407
433	1422.99862
434	1422.857138
435	1422.714898
436	1422.572114
437	1422.426525
438	1422.275681
439	1422.119924
440	1421.974122
441	1421.827037
442	1421.682766
443	1421.526878
444	1421.386903
445	1421.245541
446	1421.102628
447	1420.953665
448	1420.80697
449	1420.666649
450	1420.523529
451	1420.384834
452	1420.240146
453	1420.09861
454	1419.950075
455	1419.800081
456	1419.655095
457	1419.509693
458	1419.36918
459	1419.224864
460	1419.085698
461	1418.935067
462	1418.801874
463	1418.660879
464	1418.522801
465	1418.381628
466	1418.239743
467	1418.088669
468	1417.933703
469	1417.794015
470	1417.64726
471	1417.497541
472	1417.348489
473	1417.206048
474	1417.067111
475	1416.928399
476	1416.789072
477	1416.647592
478	1416.504367
479	1416.367012
480	1416.22316
481	1416.079283
482	1415.94861
483	1415.809937
484	1415.658256
485	1415.515702
486	1415.367754
487	1415.228367
488	1415.090743
489	1414.944784
490	1414.791461
491	1414.652165
492	1414.492197
493	1414.352736
494	1414.205955
495	1414.074886
496	1413.929927
497	1413.790885
498	1413.642188
499	1413.496577
500	1413.348329
501	1413.207968
502	1413.079823
503	1412.944634
504	1412.797309
505	1412.65982
506	1412.525025
507	1412.3798
508	1412.235687
509	1412.102157
510	1411.969194
511	1411.834398
512	1411.685619
513	1411.558846
514	1411.417495
515	1411.265509
516	1411.11742
517	1410.98148
518	1410.83352
519	1410.690954
520	1410.545397
521	1410.399952
522	1410.255602
523	1410.106413
524	1409.964681
525	1409.81879
526	1409.676713
527	1409.5383
528	1409.400028
529	1409.258862
530	1409.120508
531	1408.976904
532	1408.839294
533	1408.700853
534	1408.563567
535	1408.419601
536	1408.272894
537	1408.139708
538	1407.991504
539	1407.854446
540	1407.716881
541	1407.587864
542	1407.457914
543	1407.31787
544	1407.168522
545	1407.027091
546	1406.891139
547	1406.759391
548	1406.624108
549	1406.478768
550	1406.344742
551	1406.207691
552	1406.062633
553	1405.931369
554	1405.786992
555	1405.650562
556	1405.519963
557	1405.381018
558	1405.247974
559	1405.110509
560	1404.97124
561	1404.833023
562	1404.694318
563	1404.560015
564	1404.426511
565	1404.292003
566	1404.157449
567	1404.023375
568	1403.882727
569	1403.750795
570	1403.613249
571	1403.463765
572	1403.326793
573	1403.19597
574	1403.055066
575	1402.910059
576	1402.771215
577	1402.635333
578	1402.504148
579	1402.360735
580	1402.233401
581	1402.105244
582	1401.968698
583	1401.84236
584	1401.70808
585	1401.572234
586	1401.437545
587	1401.298654
588	1401.161595
589	1401.013824
590	1400.872183
591	1400.734533
592	1400.591823
593	1400.45345
594	1400.323501
595	1400.18518
596	1400.057641
597	1399.918234
598	1399.776089
599	1399.638531
600	1399.510348
601	1399.364612
602	1399.230579
603	1399.096777
604	1398.967247
605	1398.847937
606	1398.710843
607	1398.579035
608	1398.447982
609	1398.305377
610	1398.177534
611	1398.038766
612	1397.904108
613	1397.770428
614	1397.638403
615	1397.496198
616	1397.366657
617	1397.24372
618	1397.113151
619	1396.97364
620	1396.835657
621	1396.701538
622	1396.558521
623	1396.422808
624	1396.280902
625	1396.147118
626	1396.012424
627	1395.88601
628	1395.76289
629	1395.636461
630	1395.503691
631	1395.375229
632	1395.240475
633	1395.10575
634	1394.972825
635	1394.84497
636	1394.70237
637	1394.575562
638	1394.43922
639	1394.307485
640	1394.166127
641	1394.031078
642	1393.903696
643	1393.770055
644	1393.636735
645	1393.505232
646	1393.381205
647	1393.255271
648	1393.1162
649	1392.983776
650	1392.86192
651	1392.727602
652	1392.59469
653	1392.46608
654	1392.330481
655	1392.197075
656	1392.068816
657	1391.929545
658	1391.800126
659	1391.677923
660	1391.550248
661	1391.42479
662	1391.280689
663	1391.146858
664	1391.014533
665	1390.882457
666	1390.754592
667	1390.622186
668	1390.494463
669	1390.355161
670	1390.220721
671	1390.082831
672	1389.942153
673	1389.811404
674	1389.679158
675	1389.54672
676	1389.413801
677	1389.278591
678	1389.1507
679	1389.015614
680	1388.888766
681	1388.747997
682	1388.619707
683	1388.497349
684	1388.36502
685	1388.242528
686	1388.115665
687	1387.991106
688	1387.856602
689	1387.733223
690	1387.601717
691	1387.476712
692	1387.344928
693	1387.207687
694	1387.06937
695	1386.936373
696	1386.803581
697	1386.665601
698	1386.535021
699	1386.403255
700	1386.282574
701	1386.151901
702	1386.016518
703	1385.897635
704	1385.758323
705	1385.624958
706	1385.495917
707	1385.369267
708	1385.242101
709	1385.111862
710	1384.985924
711	1384.855274
712	1384.725605
713	1384.591635
714	1384.460802
715	1384.331048
716	1384.208909
717	1384.084937
718	1383.96199
719	1383.832473
720	1383.70592
721	1383.572697
722	1383.439469
723	1383.315167
724	1383.184383
725	1383.048642
726	1382.92047
727	1382.787299
728	1382.65954
729	1382.533804
730	1382.402453
731	1382.278439
732	1382.145697
733	1382.019634
734	1381.896859
735	1381.765944
736	1381.642716
737	1381.517068
738	1381.385077
739	1381.253635
740	1381.131554
741	1381.005987
742	1380.87179
743	1380.744256
744	1380.628968
745	1380.499587
746	1380.376316
747	1380.255968
748	1380.135321
749	1380.016595
750	1379.886081
751	1379.750188
752	1379.630363
753	1379.508548
754	1379.384478
755	1379.254602
756	1379.125457
757	1379.002826
758	1378.884445
759	1378.761915
760	1378.634758
761	1378.502599
762	1378.375377
763	1378.244358
764	1378.129691
765	1378.007552
766	1377.894881
767	1377.771836
768	1377.65033
769	1377.525198
770	1377.407204
771	1377.279564
772	1377.150228
773	1377.031906
774	1376.910924
775	1376.781144
776	1376.65264
777	1376.528246
778	1376.412307
779	1376.286438
780	1376.162597
781	1376.030269
782	1375.901676
783	1375.769334
784	1375.645273
785	1375.529973
786	1375.40438
787	1375.287686
788	1375.168924
789	1375.044935
790	1374.927455
791	1374.801788
792	1374.685384
793	1374.555164
794	1374.432465
795	1374.307343
796	1374.18358
797	1374.054187
798	1373.942043
799	1373.812767
800	1373.678572
801	1373.55216
802	1373.438299
803	1373.310079
804	1373.184343
805	1373.067161
806	1372.945463
807	1372.826802
808	1372.702142
809	1372.575582
810	1372.448108
811	1372.324257
812	1372.204345
813	1372.074964
814	1371.947241
815	1371.810731
816	1371.685638
817	1371.561134
818	1371.444374
819	1371.324271
820	1371.20145
821	1371.075505
822	1370.950971
823	1370.820829
824	1370.693965
825	1370.568689
826	1370.456475
827	1370.338741
828	1370.219376
829	1370.095774
830	1369.979125
831	1369.859068
832	1369.74339
833	1369.613736
834	1369.494017
835	1369.364664
836	1369.237926
837	1369.1104
838	1368.982337
839	1368.861561
840	1368.743652
841	1368.618597
842	1368.502068
843	1368.38746
844	1368.2704
845	1368.148779
846	1368.02529
847	1367.903332
848	1367.777067
849	1367.664029
850	1367.537387
851	1367.419111
852	1367.30157
853	1367.17918
854	1367.061996
855	1366.937806
856	1366.8161
857	1366.69735
858	1366.570477
859	1366.443734
860	1366.323878
861	1366.202847
862	1366.075285
863	1365.961483
864	1365.834213
865	1365.711016
866	1365.592165
867	1365.470408
868	1365.348385
869	1365.2391
870	1365.114072
871	1364.980246
872	1364.861836
873	1364.736796
874	1364.62429
875	1364.511921
876	1364.382759
877	1364.265099
878	1364.136882
879	1364.02255
880	1363.89918
881	1363.783106
882	1363.663461
883	1363.544764
884	1363.434269
885	1363.316438
886	1363.196922
887	1363.077951
888	1362.952359
889	1362.824526
890	1362.702644
891	1362.598084
892	1362.476303
893	1362.356581
894	1362.246426
895	1362.137796
896	1362.012584
897	1361.892149
898	1361.767832
899	1361.646059
900	1361.542062
901	1361.425311
902	1361.298716
903	1361.177623
904	1361.055116
905	1360.936523
906	1360.817772
907	1360.70267
908	1360.582308
909	1360.454809
910	1360.336526
911	1360.220328
912	1360.105694
913	1359.99013
914	1359.870534
915	1359.756309
916	1359.647878
917	1359.523495
918	1359.400318
919	1359.28347
920	1359.171431
921	1359.049257
922	1358.923103
923	1358.808137
924	1358.706587
925	1358.590633
926	1358.47757
927	1358.355697
928	1358.231305
929	1358.10477
930	1357.987729
931	1357.860733
932	1357.740551
933	1357.628283
934	1357.518542
935	1357.40054
936	1357.293814
937	1357.171855
938	1357.058785
939	1356.94117
940	1356.816823
941	1356.695734
942	1356.574329
943	1356.455606
944	1356.347564
945	1356.223209
946	1356.113474
947	1355.995366
948	1355.882078
949	1355.76545
950	1355.646511
951	1355.530774
952	1355.418314
953	1355.299807
954	1355.185546
955	1355.065292
956	1354.946395
957	1354.829415
958	1354.712055
959	1354.60299
960	1354.478426
961	1354.355203
962	1354.236485
963	1354.126339
964	1354.020029
965	1353.900144
966	1353.794707
967	1353.688171
968	1353.578504
969	1353.46278
970	1353.346743
971	1353.224171
972	1353.105736
973	1353.000904
974	1352.888619
975	1352.785314
976	1352.666261
977	1352.552924
978	1352.44392
979	1352.32491
980	1352.214316
981	1352.100242
982	1351.98742
983	1351.873449
984	1351.757925
985	1351.646458
986	1351.523343
987	1351.406844
988	1351.292688
989	1351.178887
990	1351.071638
991	1350.964572
992	1350.847822
993	1350.728222
994	1350.618045
995	1350.503987
996	1350.390695
997	1350.272786
998	1350.164423
999	1350.046516
1000	1349.930148
1001	1349.815131
1002	1349.700282
1003	1349.602022
1004	1349.49529
1005	1349.381004
1006	1349.270041
1007	1349.163414
1008	1349.049313
1009	1348.944663
1010	1348.82064
1011	1348.711444
1012	1348.590817
1013	1348.476619
1014	1348.365072
1015	1348.245684
1016	1348.139955
1017	1348.026569
1018	1347.912974
1019	1347.799617
1020	1347.684223
1021	1347.56668
1022	1347.457721
1023	1347.348648
1024	1347.22698
1025	1347.113275
1026	1346.993418
1027	1346.877683
1028	1346.756448
1029	1346.655941
1030	1346.550531
1031	1346.45578
1032	1346.340233
1033	1346.221742
1034	1346.104022
1035	1345.983684
1036	1345.882273
1037	1345.766094
1038	1345.658526
1039	1345.549621
1040	1345.434963
1041	1345.314735
1042	1345.213347
1043	1345.097128
1044	1344.974498
1045	1344.868048
1046	1344.748193
1047	1344.632329
1048	1344.50482
1049	1344.387935
1050	1344.290475
1051	1344.177592
1052	1344.067344
1053	1343.958489
1054	1343.850576
1055	1343.741653
1056	1343.630615
1057	1343.517256
1058	1343.404283
1059	1343.298653
1060	1343.192739
1061	1343.085013
1062	1342.98272
1063	1342.876766
1064	1342.765676
1065	1342.658543
1066	1342.544814
1067	1342.436905
1068	1342.329111
1069	1342.231047
1070	1342.110652
1071	1341.994347
1072	1341.861635
1073	1341.75823
1074	1341.653618
1075	1341.545734
1076	1341.439369
1077	1341.322835
1078	1341.225928
1079	1341.119409
1080	1341.012693
1081	1340.900435
1082	1340.791801
1083	1340.677514
1084	1340.569208
1085	1340.457848
1086	1340.351797
1087	1340.23418
1088	1340.121174
1089	1340.012369
1090	1339.915042
1091	1339.801933
1092	1339.686694
1093	1339.573142
1094	1339.466838
1095	1339.359634
1096	1339.250623
1097	1339.149922
1098	1339.040151
1099	1338.930259
1100	1338.818073
1101	1338.70683
1102	1338.598348
1103	1338.485885
1104	1338.374865
1105	1338.258038
1106	1338.153522
1107	1338.04812
1108	1337.936307
1109	1337.822136
1110	1337.711772
1111	1337.611521
1112	1337.506592
1113	1337.393206
1114	1337.285077
1115	1337.174278
1116	1337.068258
1117	1336.952999
1118	1336.855739
1119	1336.752106
1120	1336.638336
1121	1336.537121
1122	1336.436764
1123	1336.33315
1124	1336.225078
1125	1336.122507
1126	1336.013889
1127	1335.892868
1128	1335.781855
1129	1335.673772
1130	1335.570731
1131	1335.476146
1132	1335.378613
1133	1335.276754
1134	1335.179727
1135	1335.062856
1136	1334.955571
1137	1334.844745
1138	1334.737285
1139	1334.623976
1140	1334.522842
1141	1334.420006
1142	1334.316549
1143	1334.192095
1144	1334.092568
1145	1333.99279
1146	1333.886417
1147	1333.784048
1148	1333.678309
1149	1333.568047
1150	1333.457316
1151	1333.343628
1152	1333.242493
1153	1333.147422
1154	1333.043092
1155	1332.93336
1156	1332.821736
1157	1332.716675
1158	1332.612129
1159	1332.502634
1160	1332.398179
1161	1332.288683
1162	1332.186106
1163	1332.082134
1164	1331.970958
1165	1331.866458
1166	1331.767929
1167	1331.65861
1168	1331.545407
1169	1331.437153
1170	1331.331934
1171	1331.229466
1172	1331.13216
1173	1331.020256
1174	1330.91667
1175	1330.807752
1176	1330.703828
1177	1330.606092
1178	1330.504056
1179	1330.402428
1180	1330.296312
1181	1330.196498
1182	1330.086304
1183	1329.988079
1184	1329.886697
1185	1329.78581
1186	1329.679306
1187	1329.569981
1188	1329.460156
1189	1329.353378
1190	1329.256141
1191	1329.160281
1192	1329.067503
1193	1328.969106
1194	1328.863075
1195	1328.757048
1196	1328.653244
1197	1328.541549
1198	1328.434143
1199	1328.334873
1200	1328.222572
1201	1328.116591
1202	1328.012583
1203	1327.90097
1204	1327.805914
1205	1327.698132
1206	1327.604277
1207	1327.494532
1208	1327.396262
1209	1327.288938
1210	1327.17729
1211	1327.078543
1212	1326.980367
1213	1326.87506
1214	1326.763913
1215	1326.662706
1216	1326.560119
1217	1326.460085
1218	1326.358481
1219	1326.267602
1220	1326.165616
1221	1326.057995
1222	1325.961864
1223	1325.861664
1224	1325.757398
1225	1325.657647
1226	1325.567171
1227	1325.458511
1228	1325.353355
1229	1325.24707
1230	1325.147285
1231	1325.048528
1232	1324.954873
1233	1324.84732
1234	1324.740182
1235	1324.645808
1236	1324.538911
1237	1324.438502
1238	1324.332225
1239	1324.240001
1240	1324.137541
1241	1324.030877
1242	1323.932656
1243	1323.839721
1244	1323.744081
1245	1323.646034
1246	1323.541521
1247	1323.447909
1248	1323.352912
1249	1323.262263
1250	1323.161096
1251	1323.058495
1252	1322.953832
1253	1322.855588
1254	1322.762754
1255	1322.657248
1256	1322.558009
1257	1322.454791
1258	1322.362002
1259	1322.264434
1260	1322.154861
1261	1322.046774
1262	1321.938714
1263	1321.834686
1264	1321.728644
1265	1321.637451
1266	1321.535216
1267	1321.431587
1268	1321.330308
1269	1321.222909
1270	1321.126691
1271	1321.018527
1272	1320.915768
1273	1320.822451
1274	1320.723112
1275	1320.611582
1276	1320.516069
1277	1320.41133
1278	1320.31372
1279	1320.209753
1280	1320.102391
1281	1320.006793
1282	1319.902738
1283	1319.807301
1284	1319.706665
1285	1319.601647
1286	1319.490629
1287	1319.390509
1288	1319.288292
1289	1319.195796
1290	1319.09001
1291	1318.997222
1292	1318.902218
1293	1318.811432
1294	1318.706198
1295	1318.600804
1296	1318.510026
1297	1318.416151
1298	1318.307254
1299	1318.204717
1300	1318.098281
1301	1317.999603
1302	1317.906791
1303	1317.804199
1304	1317.711182
1305	1317.612689
1306	1317.509743
1307	1317.407767
1308	1317.311783
1309	1317.219811
1310	1317.131476
1311	1317.04754
1312	1316.952819
1313	1316.865855
1314	1316.775329
1315	1316.682656
1316	1316.582119
1317	1316.483695
1318	1316.387801
1319	1316.294786
1320	1316.190458
1321	1316.096803
1322	1315.979379
1323	1315.875442
1324	1315.772759
1325	1315.678867
1326	1315.58186
1327	1315.489092
1328	1315.391852
1329	1315.282337
1330	1315.18684
1331	1315.084911
1332	1314.990179
1333	1314.896134
1334	1314.801705
1335	1314.709955
1336	1314.611994
1337	1314.512015
1338	1314.415078
1339	1314.312746
1340	1314.222732
1341	1314.132619
1342	1314.021297
1343	1313.932806
1344	1313.840869
1345	1313.746296
1346	1313.649126
1347	1313.536847
1348	1313.447027
1349	1313.344437
1350	1313.244088
1351	1313.141595
1352	1313.044765
1353	1312.939857
1354	1312.848086
1355	1312.74621
1356	1312.657337
1357	1312.561342
1358	1312.464574
1359	1312.366907
1360	1312.264869
1361	1312.159164
1362	1312.061581
1363	1311.960987
1364	1311.877742
1365	1311.777773
1366	1311.675703
1367	1311.581635
1368	1311.496409
1369	1311.405764
1370	1311.30916
1371	1311.220547
1372	1311.124667
1373	1311.030523
1374	1310.939381
1375	1310.834447
1376	1310.734429
1377	1310.638262
1378	1310.545932
1379	1310.444546
1380	1310.339618
1381	1310.240761
1382	1310.156765
1383	1310.07027
1384	1309.980903
1385	1309.887821
1386	1309.793332
1387	1309.700304
1388	1309.613412
1389	1309.522141
1390	1309.424661
1391	1309.330277
1392	1309.230121
1393	1309.131536
1394	1309.043807
1395	1308.956786
1396	1308.857192
1397	1308.764556
1398	1308.672744
1399	1308.579987
1400	1308.490423
1401	1308.400539
1402	1308.313414
1403	1308.224455
1404	1308.131262
1405	1308.038434
1406	1307.940381
1407	1307.840376
1408	1307.746596
1409	1307.651507
1410	1307.560125
1411	1307.463259
1412	1307.371919
1413	1307.276694
1414	1307.180766
1415	1307.089646
1416	1307.00501
1417	1306.912352
1418	1306.815035
1419	1306.719346
1420	1306.62078
1421	1306.522747
1422	1306.42809
1423	1306.3272
1424	1306.232257
1425	1306.144257
1426	1306.048964
1427	1305.952165
1428	1305.85338
1429	1305.748275
1430	1305.659692
1431	1305.577745
1432	1305.486588
1433	1305.392443
1434	1305.304579
1435	1305.211373
1436	1305.1097
1437	1305.01573
1438	1304.923207
1439	1304.819321
1440	1304.73098
1441	1304.633059
1442	1304.538317
1443	1304.442561
1444	1304.354842
1445	1304.258299
1446	1304.158337
1447	1304.067837
1448	1303.968472
1449	1303.873251
1450	1303.770744
1451	1303.676615
1452	1303.587521
1453	1303.491289
1454	1303.39503
1455	1303.298381
1456	1303.195411
1457	1303.098412
1458	1303.0131
1459	1302.909734
1460	1302.817563
1461	1302.711859
1462	1302.61358
1463	1302.519906
1464	1302.419681
1465	1302.333735
1466	1302.244777
1467	1302.155489
1468	1302.067773
1469	1301.983717
1470	1301.902776
1471	1301.812112
1472	1301.71285
1473	1301.632631
1474	1301.536383
1475	1301.442958
1476	1301.346469
1477	1301.250004
1478	1301.149775
1479	1301.055035
1480	1300.95689
1481	1300.8628
1482	1300.776668
1483	1300.677754
1484	1300.582984
1485	1300.4862
1486	1300.397756
1487	1300.310739
1488	1300.220388
1489	1300.137557
1490	1300.04331
1491	1299.951879
1492	1299.859614
1493	1299.770118
1494	1299.670011
1495	1299.580213
1496	1299.494581
1497	1299.408829
1498	1299.310979
1499	1299.219012
1500	1299.131825
1501	1299.045398
1502	1298.955363
1503	1298.868918
1504	1298.77256
1505	1298.689101
1506	1298.588585
1507	1298.490889
1508	1298.403322
1509	1298.304277
1510	1298.209724
1511	1298.122482
1512	1298.034376
1513	1297.939089
1514	1297.843418
1515	1297.755577
1516	1297.667921
1517	1297.585237
1518	1297.482927
1519	1297.397738
1520	1297.305833
1521	1297.212716
1522	1297.128774
1523	1297.031123
1524	1296.928673
1525	1296.844332
1526	1296.743426
1527	1296.654027
1528	1296.563277
1529	1296.469392
1530	1296.379381
1531	1296.290343
1532	1296.1935
1533	1296.099952
1534	1296.013029
1535	1295.914383
1536	1295.82213
1537	1295.731261
1538	1295.636165
1539	1295.550276
1540	1295.463812
1541	1295.377742
1542	1295.287405
1543	1295.193799
1544	1295.095949
1545	1295.013589
1546	1294.92146
1547	1294.831741
1548	1294.740233
1549	1294.648719
1550	1294.559445
1551	1294.472859
1552	1294.386381
1553	1294.297391
1554	1294.200079
1555	1294.112709
1556	1294.017951
1557	1293.921651
1558	1293.828543
1559	1293.748837
1560	1293.663557
1561	1293.567644
1562	1293.472467
1563	1293.371954
1564	1293.287747
1565	1293.204942
1566	1293.122788
1567	1293.028589
1568	1292.940868
1569	1292.844074
1570	1292.753885
1571	1292.676853
1572	1292.59086
1573	1292.497175
1574	1292.406265
1575	1292.308268
1576	1292.218591
1577	1292.124302
1578	1292.039192
1579	1291.948208
1580	1291.865239
1581	1291.766682
1582	1291.67217
1583	1291.584884
1584	1291.505285
1585	1291.421706
1586	1291.325053
1587	1291.239972
1588	1291.143756
1589	1291.034651
1590	1290.925936
1591	1290.843998
1592	1290.763326
1593	1290.684547
1594	1290.607148
1595	1290.504399
1596	1290.424912
1597	1290.333527
1598	1290.253739
1599	1290.165157
1600	1290.075184
1601	1289.984185
1602	1289.891142
1603	1289.799824
1604	1289.715664
1605	1289.634056
1606	1289.548471
1607	1289.458915
1608	1289.364274
1609	1289.263641
1610	1289.170539
1611	1289.088317
1612	1288.999766
1613	1288.912845
1614	1288.82489
1615	1288.737858
1616	1288.647466
1617	1288.557719
1618	1288.478221
1619	1288.395133
1620	1288.311327
1621	1288.222063
1622	1288.134647
1623	1288.031001
1624	1287.943855
1625	1287.839441
1626	1287.757832
1627	1287.675246
1628	1287.589058
1629	1287.503501
1630	1287.412464
1631	1287.316769
1632	1287.228043
1633	1287.148067
1634	1287.058894
1635	1286.975325
1636	1286.898579
1637	1286.804772
1638	1286.714165
1639	1286.629231
1640	1286.534878
1641	1286.438929
1642	1286.35506
1643	1286.263998
1644	1286.156407
1645	1286.076609
1646	1285.988909
1647	1285.907117
1648	1285.823216
1649	1285.735374
1650	1285.658213
1651	1285.568115
1652	1285.483447
1653	1285.398137
1654	1285.316635
1655	1285.235887
1656	1285.139673
1657	1285.052385
1658	1284.964873
1659	1284.891446
1660	1284.810568
1661	1284.72
1662	1284.628333
1663	1284.544591
1664	1284.454967
1665	1284.373672
1666	1284.288643
1667	1284.204358
1668	1284.114933
1669	1284.037577
1670	1283.946518
1671	1283.856193
1672	1283.770973
1673	1283.683646
1674	1283.601525
1675	1283.521274
1676	1283.434999
1677	1283.349955
1678	1283.265973
1679	1283.186524
1680	1283.101293
1681	1283.00758
1682	1282.92707
1683	1282.843142
1684	1282.748693
1685	1282.665282
1686	1282.566128
1687	1282.480679
1688	1282.400779
1689	1282.317501
1690	1282.226081
1691	1282.142007
1692	1282.058841
1693	1281.975675
1694	1281.888513
1695	1281.805403
1696	1281.714478
1697	1281.62534
1698	1281.548924
1699	1281.475774
1700	1281.393528
1701	1281.304133
1702	1281.219082
1703	1281.128994
1704	1281.04993
1705	1280.967945
1706	1280.892715
1707	1280.814704
1708	1280.730376
1709	1280.645059
1710	1280.559048
1711	1280.476265
1712	1280.391902
1713	1280.314621
1714	1280.232801
1715	1280.144481
1716	1280.064492
1717	1279.983021
1718	1279.900774
1719	1279.811841
1720	1279.728506
1721	1279.640424
1722	1279.552584
1723	1279.469815
1724	1279.386014
1725	1279.296426
1726	1279.212854
1727	1279.133313
1728	1279.054418
1729	1278.979516
1730	1278.894936
1731	1278.814273
1732	1278.72833
1733	1278.64386
1734	1278.557426
1735	1278.468357
1736	1278.388244
1737	1278.306831
1738	1278.234652
1739	1278.16727
1740	1278.075414
1741	1278.003453
1742	1277.919488
1743	1277.838616
1744	1277.755278
1745	1277.67304
1746	1277.589369
1747	1277.511268
1748	1277.430168
1749	1277.351299
1750	1277.274904
1751	1277.191052
1752	1277.106797
1753	1277.023527
1754	1276.94014
1755	1276.853562
1756	1276.769829
1757	1276.686734
1758	1276.603394
1759	1276.522549
1760	1276.435281
1761	1276.357727
1762	1276.274474
1763	1276.191731
1764	1276.109635
1765	1276.02521
1766	1275.946519
1767	1275.864736
1768	1275.779913
1769	1275.699388
1770	1275.622599
1771	1275.545815
1772	1275.460263
1773	1275.383334
1774	1275.294939
1775	1275.216931
1776	1275.130608
1777	1275.046031
1778	1274.953963
1779	1274.878245
1780	1274.795809
1781	1274.707115
1782	1274.625784
1783	1274.536214
1784	1274.447282
1785	1274.367173
1786	1274.279497
1787	1274.203425
1788	1274.127955
1789	1274.037303
1790	1273.957574
1791	1273.867976
1792	1273.789843
1793	1273.707367
1794	1273.62534
1795	1273.550431
1796	1273.463784
1797	1273.389454
1798	1273.311028
1799	1273.231519
1800	1273.150985
1801	1273.074504
1802	1272.99006
1803	1272.906989
1804	1272.828541
1805	1272.739044
1806	1272.65102
1807	1272.576229
1808	1272.499177
1809	1272.421684
1810	1272.334542
1811	1272.255629
1812	1272.181555
1813	1272.104543
1814	1272.024494
1815	1271.944688
1816	1271.870117
1817	1271.791597
1818	1271.704912
1819	1271.627109
1820	1271.544577
1821	1271.461014
1822	1271.383089
1823	1271.3055
1824	1271.224286
1825	1271.151973
1826	1271.067364
1827	1270.988938
1828	1270.909741
1829	1270.82766
1830	1270.745338
1831	1270.664242
1832	1270.58627
1833	1270.501561
1834	1270.414177
1835	1270.335007
1836	1270.255828
1837	1270.174559
1838	1270.094209
1839	1270.019113
1840	1269.932019
1841	1269.85817
1842	1269.782127
1843	1269.702404
1844	1269.627298
1845	1269.549916
1846	1269.473837
1847	1269.391459
1848	1269.320039
1849	1269.233969
1850	1269.14413
1851	1269.069614
1852	1268.998374
1853	1268.914723
1854	1268.835443
1855	1268.751524
1856	1268.66844
1857	1268.586155
1858	1268.505968
1859	1268.421855
1860	1268.338124
1861	1268.26124
1862	1268.181128
1863	1268.10653
1864	1268.031625
1865	1267.948469
1866	1267.868798
1867	1267.796079
1868	1267.717155
1869	1267.642635
1870	1267.56384
1871	1267.480624
1872	1267.410124
1873	1267.334168
1874	1267.251691
1875	1267.177899
1876	1267.09529
1877	1266.996373
1878	1266.916134
1879	1266.842734
1880	1266.759372
1881	1266.677658
1882	1266.604356
1883	1266.515327
1884	1266.442346
1885	1266.356006
1886	1266.28487
1887	1266.209124
1888	1266.134009
1889	1266.053565
1890	1265.978234
1891	1265.899045
1892	1265.820724
1893	1265.73791
1894	1265.657178
1895	1265.584121
1896	1265.511498
1897	1265.432738
1898	1265.354692
1899	1265.279278
1900	1265.204618
1901	1265.130504
1902	1265.04948
1903	1264.977565
1904	1264.898307
1905	1264.81744
1906	1264.736017
1907	1264.656424
1908	1264.579325
1909	1264.50224
1910	1264.4254
1911	1264.356658
1912	1264.270705
1913	1264.202912
1914	1264.132904
1915	1264.061202
1916	1263.982057
1917	1263.895428
1918	1263.821616
1919	1263.742855
1920	1263.673528
1921	1263.600167
1922	1263.51861
1923	1263.448578
1924	1263.369613
1925	1263.292242
1926	1263.217727
1927	1263.136676
1928	1263.059616
1929	1262.987525
1930	1262.911912
1931	1262.826011
1932	1262.752769
1933	1262.671598
1934	1262.588545
1935	1262.514259
1936	1262.445042
1937	1262.371596
1938	1262.295605
1939	1262.21154
1940	1262.134508
1941	1262.055821
1942	1261.986882
1943	1261.909185
1944	1261.835175
1945	1261.749964
1946	1261.673833
1947	1261.594443
1948	1261.522014
1949	1261.441866
1950	1261.357458
1951	1261.284877
1952	1261.211138
1953	1261.14005
1954	1261.063131
1955	1260.980369
1956	1260.909806
1957	1260.834454
1958	1260.763321
1959	1260.689743
1960	1260.616185
1961	1260.534038
1962	1260.457969
1963	1260.384292
1964	1260.313198
1965	1260.242895
1966	1260.161583
1967	1260.084246
1968	1260.00832
1969	1259.927686
1970	1259.848892
1971	1259.77211
1972	1259.689028
1973	1259.621824
1974	1259.549899
1975	1259.473549
1976	1259.399946
1977	1259.323539
1978	1259.251603
1979	1259.172888
1980	1259.094797
1981	1259.02022
1982	1258.937929
1983	1258.864025
1984	1258.785803
1985	1258.714085
1986	1258.638789
1987	1258.570786
1988	1258.486711
1989	1258.412382
1990	1258.335287
1991	1258.25506
1992	1258.181962
1993	1258.101624
1994	1258.022618
1995	1257.949788
1996	1257.869547
1997	1257.787412
1998	1257.690478
1999	1257.620327
2000	1257.543277
2001	1257.469792
2002	1257.39302
2003	1257.330158
2004	1257.264533
2005	1257.195199
2006	1257.114658
2007	1257.042196
2008	1256.970837
2009	1256.900512
2010	1256.823323
2011	1256.750126
2012	1256.679221
2013	1256.608856
2014	1256.53711
2015	1256.468262
2016	1256.396755
2017	1256.33204
2018	1256.252525
2019	1256.188295
2020	1256.117345
2021	1256.039127
2022	1255.968219
2023	1255.891527
2024	1255.82627
2025	1255.757088
2026	1255.684144
2027	1255.61043
2028	1255.547225
2029	1255.469369
2030	1255.398774
2031	1255.321478
2032	1255.248591
2033	1255.165165
2034	1255.090404
2035	1255.015769
2036	1254.930688
2037	1254.861593
2038	1254.783536
2039	1254.70023
2040	1254.63717
2041	1254.571971
2042	1254.504811
2043	1254.42925
2044	1254.362884
2045	1254.294671
2046	1254.217062
2047	1254.145471
2048	1254.064522
2049	1253.994213
2050	1253.926335
2051	1253.851746
2052	1253.779641
2053	1253.705608
2054	1253.638936
2055	1253.571054
2056	1253.496012
2057	1253.428658
2058	1253.35287
2059	1253.279496
2060	1253.19121
2061	1253.113403
2062	1253.03653
2063	1252.951835
2064	1252.876647
2065	1252.800724
2066	1252.726446
2067	1252.655588
2068	1252.573213
2069	1252.498599
2070	1252.428426
2071	1252.357728
2072	1252.284283
2073	1252.217202
2074	1252.144247
2075	1252.069676
2076	1251.988135
2077	1251.908161
2078	1251.836988
2079	1251.774853
2080	1251.693442
2081	1251.619439
2082	1251.546626
2083	1251.479827
2084	1251.398878
2085	1251.329696
2086	1251.25769
2087	1251.185962
2088	1251.11599
2089	1251.051311
2090	1250.987785
2091	1250.916439
2092	1250.844852
2093	1250.775027
2094	1250.696814
2095	1250.624073
2096	1250.546776
2097	1250.476326
2098	1250.403751
2099	1250.335226
2100	1250.274573
2101	1250.207779
2102	1250.134558
2103	1250.056314
2104	1249.975553
2105	1249.90508
2106	1249.832182
2107	1249.75889
2108	1249.696328
2109	1249.626863
2110	1249.550798
2111	1249.48606
2112	1249.409062
2113	1249.340919
2114	1249.272716
2115	1249.191541
2116	1249.100874
2117	1249.028209
2118	1248.95211
2119	1248.88893
2120	1248.815948
2121	1248.742058
2122	1248.676573
2123	1248.609368
2124	1248.531338
2125	1248.460311
2126	1248.396762
2127	1248.324493
2128	1248.247702
2129	1248.174167
2130	1248.106363
2131	1248.020823
2132	1247.951255
2133	1247.878933
2134	1247.799842
2135	1247.725421
2136	1247.647093
2137	1247.574544
2138	1247.501946
2139	1247.43359
2140	1247.362454
2141	1247.294442
2142	1247.219537
2143	1247.148278
2144	1247.07044
2145	1247.001244
2146	1246.927482
2147	1246.842556
2148	1246.773038
2149	1246.707095
2150	1246.642029
2151	1246.574412
2152	1246.506523
2153	1246.44312
2154	1246.365381
2155	1246.294008
2156	1246.231327
2157	1246.143702
2158	1246.06711
2159	1245.993124
2160	1245.919738
2161	1245.852575
2162	1245.786768
2163	1245.712725
2164	1245.650376
2165	1245.581638
2166	1245.50786
2167	1245.444791
2168	1245.37867
2169	1245.310541
2170	1245.241814
2171	1245.169474
2172	1245.106131
2173	1245.047652
2174	1244.986531
2175	1244.912142
2176	1244.842622
2177	1244.761614
2178	1244.687206
2179	1244.61862
2180	1244.546967
2181	1244.475199
2182	1244.412559
2183	1244.344427
2184	1244.254543
2185	1244.18964
2186	1244.109805
2187	1244.041913
2188	1243.972087
2189	1243.903757
2190	1243.840453
2191	1243.774599
2192	1243.712621
2193	1243.643029
2194	1243.579284
2195	1243.503178
2196	1243.432632
2197	1243.372359
2198	1243.304758
2199	1243.235435
2200	1243.161857
2201	1243.093972
2202	1243.025904
2203	1242.96345
2204	1242.884806
2205	1242.822349
2206	1242.753828
2207	1242.689117
2208	1242.605345
2209	1242.531806
2210	1242.461599
2211	1242.394173
2212	1242.33027
2213	1242.264635
2214	1242.192217
2215	1242.129775
2216	1242.059915
2217	1241.992775
2218	1241.926391
2219	1241.857442
2220	1241.789882
2221	1241.717673
2222	1241.649488
2223	1241.576988
2224	1241.506828
2225	1241.437377
2226	1241.370581
2227	1241.300305
2228	1241.231792
2229	1241.166475
2230	1241.102483
2231	1241.034748
2232	1240.961813
2233	1240.899834
2234	1240.837138
2235	1240.765348
2236	1240.70011
2237	1240.63367
2238	1240.565382
2239	1240.499368
2240	1240.430609
2241	1240.361887
2242	1240.291628
2243	1240.229073
2244	1240.158052
2245	1240.093004
2246	1240.024985
2247	1239.956804
2248	1239.887173
2249	1239.81498
2250	1239.739369
2251	1239.678711
2252	1239.611918
2253	1239.53784
2254	1239.461225
2255	1239.391564
2256	1239.317246
2257	1239.248834
2258	1239.179719
2259	1239.112224
2260	1239.046313
2261	1238.971998
2262	1238.900201
2263	1238.831965
2264	1238.769921
2265	1238.698416
2266	1238.636004
2267	1238.567711
2268	1238.496154
2269	1238.416515
2270	1238.343426
2271	1238.271811
2272	1238.203722
2273	1238.132506
2274	1238.074993
2275	1238.013785
2276	1237.953055
2277	1237.881561
2278	1237.802795
2279	1237.733206
2280	1237.665446
2281	1237.600637
2282	1237.533682
2283	1237.467392
2284	1237.402709
2285	1237.331538
2286	1237.26573
2287	1237.203295
2288	1237.132401
2289	1237.051801
2290	1236.985936
2291	1236.911963
2292	1236.846377
2293	1236.781618
2294	1236.714365
2295	1236.647454
2296	1236.581535
2297	1236.511828
2298	1236.443769
2299	1236.377372
2300	1236.321409
2301	1236.250467
2302	1236.183578
2303	1236.122817
2304	1236.056912
2305	1235.989443
2306	1235.925977
2307	1235.85897
2308	1235.776651
2309	1235.710094
2310	1235.64292
2311	1235.56893
2312	1235.510622
2313	1235.445836
2314	1235.37594
2315	1235.306272
2316	1235.227446
2317	1235.163707
2318	1235.087602
2319	1235.024557
2320	1234.968294
2321	1234.89803
2322	1234.816551
2323	1234.742517
2324	1234.678607
2325	1234.610997
2326	1234.541019
2327	1234.473583
2328	1234.401875
2329	1234.340605
2330	1234.279665
2331	1234.216561
2332	1234.159694
2333	1234.083811
2334	1234.017126
2335	1233.954265
2336	1233.881043
2337	1233.819808
2338	1233.755786
2339	1233.689834
2340	1233.625709
2341	1233.547523
2342	1233.481594
2343	1233.417024
2344	1233.350525
2345	1233.285641
2346	1233.225886
2347	1233.156936
2348	1233.099304
2349	1233.031947
2350	1232.956946
2351	1232.888891
2352	1232.824595
2353	1232.758471
2354	1232.691067
2355	1232.626572
2356	1232.555516
2357	1232.489962
2358	1232.422779
2359	1232.353626
2360	1232.293818
2361	1232.236974
2362	1232.175943
2363	1232.107765
2364	1232.04416
2365	1231.964922
2366	1231.898614
2367	1231.837547
2368	1231.78266
2369	1231.720183
2370	1231.652006
2371	1231.571176
2372	1231.502375
2373	1231.44013
2374	1231.373604
2375	1231.312993
2376	1231.247319
2377	1231.176062
2378	1231.111225
2379	1231.044789
2380	1230.985673
2381	1230.922583
2382	1230.86539
2383	1230.797041
2384	1230.735482
2385	1230.663219
2386	1230.599772
2387	1230.536262
2388	1230.467483
2389	1230.401823
2390	1230.33577
2391	1230.252964
2392	1230.18471
2393	1230.11668
2394	1230.052242
2395	1229.981241
2396	1229.914916
2397	1229.84826
2398	1229.791836
2399	1229.726984
2400	1229.663847
2401	1229.609017
2402	1229.537946
2403	1229.475188
2404	1229.418194
2405	1229.35824
2406	1229.29483
2407	1229.228966
2408	1229.171141
2409	1229.102088
2410	1229.042763
2411	1228.979298
2412	1228.919899
2413	1228.857631
2414	1228.794361
2415	1228.728335
2416	1228.665807
2417	1228.609672
2418	1228.540189
2419	1228.476752
2420	1228.420894
2421	1228.366164
2422	1228.292616
2423	1228.233091
2424	1228.161838
2425	1228.103142
2426	1228.042763
2427	1227.961533
2428	1227.904521
2429	1227.839283
2430	1227.774469
2431	1227.704651
2432	1227.645236
2433	1227.583135
2434	1227.520136
2435	1227.46074
2436	1227.394538
2437	1227.327636
2438	1227.262948
2439	1227.196652
2440	1227.114737
2441	1227.0518
2442	1226.988488
2443	1226.928436
2444	1226.866462
2445	1226.790856
2446	1226.720633
2447	1226.647107
2448	1226.59437
2449	1226.525388
2450	1226.454835
2451	1226.384309
2452	1226.314934
2453	1226.245881
2454	1226.180724
2455	1226.129562
2456	1226.068516
2457	1226.00741
2458	1225.943299
2459	1225.884101
2460	1225.815661
2461	1225.750983
2462	1225.684703
2463	1225.610888
2464	1225.54729
2465	1225.496958
2466	1225.431322
2467	1225.367224
2468	1225.30704
2469	1225.239891
2470	1225.183403
2471	1225.124457
2472	1225.071498
2473	1225.015357
2474	1224.94729
2475	1224.88466
2476	1224.821641
2477	1224.766049
2478	1224.70348
2479	1224.649649
2480	1224.588352
2481	1224.528786
2482	1224.473124
2483	1224.413858
2484	1224.349771
2485	1224.286432
2486	1224.226256
2487	1224.160405
2488	1224.109313
2489	1224.051914
2490	1223.994313
2491	1223.9377
2492	1223.880261
2493	1223.810568
2494	1223.746981
2495	1223.675147
2496	1223.605515
2497	1223.539817
2498	1223.477457
2499	1223.414708
2500	1223.356643
2501	1223.288309
2502	1223.222986
2503	1223.170697
2504	1223.119448
2505	1223.054134
2506	1222.99493
2507	1222.928413
2508	1222.863477
2509	1222.803413
2510	1222.742623
2511	1222.673752
2512	1222.610261
2513	1222.542672
2514	1222.493833
2515	1222.427743
2516	1222.36926
2517	1222.303215
2518	1222.241405
2519	1222.187041
2520	1222.130008
2521	1222.064546
2522	1222.000696
2523	1221.935273
2524	1221.87994
2525	1221.810638
2526	1221.740443
2527	1221.672848
2528	1221.61184
2529	1221.553217
2530	1221.489736
2531	1221.416231
2532	1221.356733
2533	1221.302243
2534	1221.243087
2535	1221.179147
2536	1221.121986
2537	1221.052218
2538	1220.989481
2539	1220.932704
2540	1220.86819
2541	1220.806732
2542	1220.750695
2543	1220.691452
2544	1220.637744
2545	1220.572934
2546	1220.509088
2547	1220.450305
2548	1220.388632
2549	1220.32336
2550	1220.258815
2551	1220.195906
2552	1220.13625
2553	1220.082624
2554	1220.023139
2555	1219.963547
2556	1219.902013
2557	1219.842379
2558	1219.768483
2559	1219.712384
2560	1219.65473
2561	1219.597507
2562	1219.542882
2563	1219.483377
2564	1219.428418
2565	1219.374517
2566	1219.321062
2567	1219.243907
2568	1219.188874
2569	1219.12422
2570	1219.063947
2571	1219.000842
2572	1218.942153
2573	1218.881878
2574	1218.823263
2575	1218.757352
2576	1218.689237
2577	1218.636313
2578	1218.569961
2579	1218.508489
2580	1218.453971
2581	1218.397972
2582	1218.341806
2583	1218.284374
2584	1218.22519
2585	1218.164436
2586	1218.106664
2587	1218.046944
2588	1217.981641
2589	1217.919424
2590	1217.862398
2591	1217.796975
2592	1217.739862
2593	1217.675567
2594	1217.611012
2595	1217.549758
2596	1217.486258
2597	1217.427282
2598	1217.364779
2599	1217.304634
2600	1217.244066
2601	1217.180794
2602	1217.124363
2603	1217.063694
2604	1217.014899
2605	1216.948623
2606	1216.896489
2607	1216.830899
2608	1216.769078
2609	1216.696744
2610	1216.635123
2611	1216.573925
2612	1216.522486
2613	1216.4614
2614	1216.402693
2615	1216.352762
2616	1216.293252
2617	1216.239934
2618	1216.181303
2619	1216.109357
2620	1216.05187
2621	1215.999251
2622	1215.934691
2623	1215.876581
2624	1215.82346
2625	1215.759852
2626	1215.702846
2627	1215.647723
2628	1215.591217
2629	1215.523022
2630	1215.467312
2631	1215.404191
2632	1215.335867
2633	1215.282718
2634	1215.213782
2635	1215.158988
2636	1215.100573
2637	1215.045411
2638	1214.992308
2639	1214.929862
2640	1214.871659
2641	1214.79313
2642	1214.729873
2643	1214.681128
2644	1214.619015
2645	1214.563664
2646	1214.511651
2647	1214.444519
2648	1214.378339
2649	1214.319064
2650	1214.266791
2651	1214.213185
2652	1214.153759
2653	1214.102247
2654	1214.036459
2655	1213.969698
2656	1213.912093
2657	1213.852429
2658	1213.791662
2659	1213.734008
2660	1213.674533
2661	1213.605213
2662	1213.552335
2663	1213.491324
2664	1213.429793
2665	1213.365019
2666	1213.31002
2667	1213.24984
2668	1213.181549
2669	1213.124788
2670	1213.060995
2671	1213.002399
2672	1212.940141
2673	1212.871103
2674	1212.808863
2675	1212.735985
2676	1212.683162
2677	1212.622754
2678	1212.567182
2679	1212.512449
2680	1212.463975
2681	1212.404366
2682	1212.336942
2683	1212.27534
2684	1212.213129
2685	1212.160649
2686	1212.099027
2687	1212.039325
2688	1211.983862
2689	1211.927107
2690	1211.867513
2691	1211.804708
2692	1211.728052
2693	1211.671531
2694	1211.61135
2695	1211.5618
2696	1211.493712
2697	1211.444521
2698	1211.387264
2699	1211.33482
2700	1211.277718
2701	1211.215056
2702	1211.156637
2703	1211.102232
2704	1211.0561
2705	1211.009842
2706	1210.948177
2707	1210.888016
2708	1210.83564
2709	1210.779622
2710	1210.717932
2711	1210.650822
2712	1210.596255
2713	1210.531607
2714	1210.476951
2715	1210.426102
2716	1210.369616
2717	1210.306043
2718	1210.245879
2719	1210.193727
2720	1210.130421
2721	1210.074191
2722	1210.009561
2723	1209.959199
2724	1209.899457
2725	1209.830613
2726	1209.785402
2727	1209.71609
2728	1209.666798
2729	1209.616493
2730	1209.554762
2731	1209.503815
2732	1209.437478
2733	1209.383534
2734	1209.324418
2735	1209.261419
2736	1209.208349
2737	1209.153089
2738	1209.089088
2739	1209.035405
2740	1208.97162
2741	1208.915649
2742	1208.85789
2743	1208.803736
2744	1208.742427
2745	1208.67568
2746	1208.610724
2747	1208.556642
2748	1208.480614
2749	1208.422051
2750	1208.362076
2751	1208.309443
2752	1208.25341
2753	1208.19564
2754	1208.137482
2755	1208.080279
2756	1208.018528
2757	1207.966748
2758	1207.916306
2759	1207.854112
2760	1207.798425
2761	1207.733755
2762	1207.67394
2763	1207.616528
2764	1207.56904
2765	1207.52244
2766	1207.466803
2767	1207.402156
2768	1207.3481
2769	1207.288373
2770	1207.235353
2771	1207.182546
2772	1207.123329
2773	1207.053429
2774	1206.997442
2775	1206.947008
2776	1206.87975
2777	1206.824138
2778	1206.764168
2779	1206.705128
2780	1206.647484
2781	1206.58805
2782	1206.531926
2783	1206.467949
2784	1206.404387
2785	1206.351091
2786	1206.300779
2787	1206.246384
2788	1206.189621
2789	1206.135284
2790	1206.07884
2791	1206.027078
2792	1205.974227
2793	1205.924512
2794	1205.87344
2795	1205.808905
2796	1205.753667
2797	1205.697116
2798	1205.634139
2799	1205.574285
2800	1205.517002
2801	1205.462552
2802	1205.404516
2803	1205.347169
2804	1205.293056
2805	1205.242242
2806	1205.187338
2807	1205.136678
2808	1205.079194
2809	1205.01864
2810	1204.958469
2811	1204.909271
2812	1204.840496
2813	1204.790199
2814	1204.735665
2815	1204.678768
2816	1204.626784
2817	1204.565474
2818	1204.506108
2819	1204.459281
2820	1204.392678
2821	1204.338622
2822	1204.287943
2823	1204.229268
2824	1204.164645
2825	1204.100572
2826	1204.030523
2827	1203.97347
2828	1203.91696
2829	1203.858502
2830	1203.801732
2831	1203.752582
2832	1203.694798
2833	1203.640411
2834	1203.58449
2835	1203.535177
2836	1203.48098
2837	1203.422159
2838	1203.364591
2839	1203.314283
2840	1203.265152
2841	1203.219626
2842	1203.167054
2843	1203.114065
2844	1203.050265
2845	1203.003787
2846	1202.935653
2847	1202.885019
2848	1202.838958
2849	1202.774996
2850	1202.721559
2851	1202.659613
2852	1202.600942
2853	1202.551787
2854	1202.504238
2855	1202.45157
2856	1202.397198
2857	1202.343074
2858	1202.287881
2859	1202.240005
2860	1202.190243
2861	1202.138177
2862	1202.086475
2863	1202.033034
2864	1201.971994
2865	1201.91855
2866	1201.855182
2867	1201.802205
2868	1201.743977
2869	1201.699112
2870	1201.629346
2871	1201.582114
2872	1201.532164
2873	1201.469973
2874	1201.420022
2875	1201.347656
2876	1201.298142
2877	1201.235061
2878	1201.176839
2879	1201.121884
2880	1201.067216
2881	1201.011946
2882	1200.950399
2883	1200.890438
2884	1200.835721
2885	1200.773264
2886	1200.718345
2887	1200.649085
2888	1200.588148
2889	1200.532872
2890	1200.48127
2891	1200.41284
2892	1200.346115
2893	1200.292848
2894	1200.24261
2895	1200.184159
2896	1200.126061
2897	1200.075098
2898	1200.017563
2899	1199.964697
2900	1199.904318
2901	1199.851734
2902	1199.798258
2903	1199.747021
2904	1199.690267
2905	1199.636325
2906	1199.590673
2907	1199.538953
2908	1199.485722
2909	1199.429302
2910	1199.375708
2911	1199.313281
2912	1199.256449
2913	1199.197302
2914	1199.119219
2915	1199.059626
2916	1199.011286
2917	1198.94501
2918	1198.888585
2919	1198.838255
2920	1198.789411
2921	1198.739199
2922	1198.680899
2923	1198.629764
2924	1198.578845
2925	1198.526968
2926	1198.474195
2927	1198.412634
2928	1198.354168
2929	1198.305037
2930	1198.249279
2931	1198.196193
2932	1198.14794
2933	1198.09258
2934	1198.043167
2935	1197.98544
2936	1197.921546
2937	1197.869431
2938	1197.813618
2939	1197.759147
2940	1197.697506
2941	1197.639736
2942	1197.594546
2943	1197.543999
2944	1197.477016
2945	1197.428129
2946	1197.376411
2947	1197.319641
2948	1197.267958
2949	1197.198918
2950	1197.139312
2951	1197.079898
2952	1197.012365
2953	1196.954488
2954	1196.90674
2955	1196.847813
2956	1196.793063
2957	1196.738972
2958	1196.682611
2959	1196.627103
2960	1196.580168
2961	1196.527969
2962	1196.474574
2963	1196.414985
2964	1196.368044
2965	1196.318282
2966	1196.25435
2967	1196.207562
2968	1196.15904
2969	1196.102413
2970	1196.036808
2971	1195.981512
2972	1195.921563
2973	1195.869661
2974	1195.82524
2975	1195.777389
2976	1195.727554
2977	1195.668798
2978	1195.628387
2979	1195.577335
2980	1195.52093
2981	1195.465658
2982	1195.408279
2983	1195.361296
2984	1195.30417
2985	1195.250668
2986	1195.195818
2987	1195.131243
2988	1195.072768
2989	1195.021962
2990	1194.970232
2991	1194.90449
2992	1194.851448
2993	1194.7985
2994	1194.736009
2995	1194.68385
2996	1194.638311
2997	1194.57887
2998	1194.525522
2999	1194.469553
3000	1194.413658
3001	1194.34751
3002	1194.295905
3003	1194.250681
3004	1194.201831
3005	1194.14975
3006	1194.099691
3007	1194.047587
3008	1193.98652
3009	1193.928709
3010	1193.879371
3011	1193.828907
3012	1193.775933
3013	1193.727248
3014	1193.662582
3015	1193.60879
3016	1193.559044
3017	1193.510444
3018	1193.461237
3019	1193.408906
3020	1193.359078
3021	1193.30899
3022	1193.258787
3023	1193.19622
3024	1193.144908
3025	1193.085126
3026	1193.032162
3027	1192.974637
3028	1192.931042
3029	1192.874029
3030	1192.821473
3031	1192.774212
3032	1192.727316
3033	1192.675628
3034	1192.613582
3035	1192.558112
3036	1192.509028
3037	1192.450096
3038	1192.39768
3039	1192.349077
3040	1192.30089
3041	1192.25389
3042	1192.193171
3043	1192.128082
3044	1192.072112
3045	1192.027519
3046	1191.983023
3047	1191.924197
3048	1191.873492
3049	1191.826524
3050	1191.773908
3051	1191.719789
3052	1191.666757
3053	1191.620851
3054	1191.564367
3055	1191.520949
3056	1191.464717
3057	1191.414622
3058	1191.370223
3059	1191.317374
3060	1191.269673
3061	1191.215844
3062	1191.166429
3063	1191.12267
3064	1191.069674
3065	1191.008754
3066	1190.952099
3067	1190.893775
3068	1190.841831
3069	1190.791553
3070	1190.731211
3071	1190.681632
3072	1190.629538
3073	1190.569181
3074	1190.523625
3075	1190.480289
3076	1190.433823
3077	1190.383037
3078	1190.340283
3079	1190.293847
3080	1190.233355
3081	1190.185334
3082	1190.135591
3083	1190.092483
3084	1190.036572
3085	1189.988646
3086	1189.941239
3087	1189.89325
3088	1189.839695
3089	1189.788051
3090	1189.739277
3091	1189.686871
3092	1189.643306
3093	1189.601621
3094	1189.549795
3095	1189.501906
3096	1189.452887
3097	1189.391905
3098	1189.345895
3099	1189.294942
3100	1189.243573
3101	1189.19635
3102	1189.141065
3103	1189.093883
3104	1189.046875
3105	1189.004397
3106	1188.955271
3107	1188.902133
3108	1188.854523
3109	1188.802706
3110	1188.750221
3111	1188.698831
3112	1188.64939
3113	1188.59605
3114	1188.552105
3115	1188.498987
3116	1188.453182
3117	1188.396091
3118	1188.349692
3119	1188.294537
3120	1188.237705
3121	1188.190037
3122	1188.147108
3123	1188.086864
3124	1188.032805
3125	1187.974382
3126	1187.92028
3127	1187.865314
3128	1187.815188
3129	1187.774059
3130	1187.719994
3131	1187.672152
3132	1187.619167
3133	1187.568953
3134	1187.517309
3135	1187.466361
3136	1187.42188
3137	1187.362646
3138	1187.310544
3139	1187.253881
3140	1187.202636
3141	1187.146586
3142	1187.093073
3143	1187.040402
3144	1186.98557
3145	1186.938658
3146	1186.886006
3147	1186.842597
3148	1186.787096
3149	1186.740237
3150	1186.69057
3151	1186.652952
3152	1186.601292
3153	1186.54651
3154	1186.492045
3155	1186.443097
3156	1186.378218
3157	1186.334429
3158	1186.285847
3159	1186.229956
3160	1186.178736
3161	1186.137774
3162	1186.095031
3163	1186.051768
3164	1186.00233
3165	1185.948394
3166	1185.895811
3167	1185.846152
3168	1185.789364
3169	1185.742817
3170	1185.695304
3171	1185.636952
3172	1185.589381
3173	1185.551527
3174	1185.505013
3175	1185.446617
3176	1185.3939
3177	1185.34284
3178	1185.292024
3179	1185.232415
3180	1185.185413
3181	1185.140081
3182	1185.094239
3183	1185.02901
3184	1184.977885
3185	1184.939078
3186	1184.898226
3187	1184.845147
3188	1184.796895
3189	1184.740396
3190	1184.68357
3191	1184.629477
3192	1184.583579
3193	1184.531294
3194	1184.488982
3195	1184.4383
3196	1184.386574
3197	1184.33608
3198	1184.273199
3199	1184.225774
3200	1184.183814
3201	1184.140892
3202	1184.082226
3203	1184.036804
3204	1183.981867
3205	1183.928801
3206	1183.8847
3207	1183.84268
3208	1183.792185
3209	1183.733939
3210	1183.67494
3211	1183.638267
3212	1183.579438
3213	1183.543345
3214	1183.496218
3215	1183.451737
3216	1183.399635
3217	1183.352369
3218	1183.305719
3219	1183.2518
3220	1183.193785
3221	1183.148232
3222	1183.098196
3223	1183.04785
3224	1183.009208
3225	1182.95915
3226	1182.912104
3227	1182.868033
3228	1182.812738
3229	1182.762373
3230	1182.711691
3231	1182.654967
3232	1182.603547
3233	1182.555384
3234	1182.516327
3235	1182.468895
3236	1182.414881
3237	1182.367698
3238	1182.322626
3239	1182.274851
3240	1182.224412
3241	1182.173419
3242	1182.106413
3243	1182.05429
3244	1182.001491
3245	1181.951069
3246	1181.901774
3247	1181.851787
3248	1181.808378
3249	1181.766676
3250	1181.706411
3251	1181.645408
3252	1181.586309
3253	1181.540279
3254	1181.49413
3255	1181.452447
3256	1181.404376
3257	1181.355103
3258	1181.30517
3259	1181.257895
3260	1181.205547
3261	1181.154149
3262	1181.101351
3263	1181.052349
3264	1181.004132
3265	1180.945265
3266	1180.895643
3267	1180.842086
3268	1180.79598
3269	1180.743232
3270	1180.704081
3271	1180.656352
3272	1180.610066
3273	1180.566946
3274	1180.519732
3275	1180.467677
3276	1180.419046
3277	1180.357952
3278	1180.313507
3279	1180.266907
3280	1180.209927
3281	1180.166488
3282	1180.120618
3283	1180.065787
3284	1180.020344
3285	1179.968747
3286	1179.923522
3287	1179.882141
3288	1179.831608
3289	1179.783222
3290	1179.741151
3291	1179.691418
3292	1179.643403
3293	1179.593701
3294	1179.544062
3295	1179.49278
3296	1179.450951
3297	1179.399077
3298	1179.35132
3299	1179.30712
3300	1179.2573
3301	1179.202799
3302	1179.159035
3303	1179.113359
3304	1179.064841
3305	1179.016305
3306	1178.976112
3307	1178.919943
3308	1178.867228
3309	1178.814707
3310	1178.77037
3311	1178.717711
3312	1178.669514
3313	1178.620967
3314	1178.571648
3315	1178.519667
3316	1178.471757
3317	1178.427416
3318	1178.379214
3319	1178.332185
3320	1178.288102
3321	1178.239671
3322	1178.189493
3323	1178.140061
3324	1178.089188
3325	1178.040341
3326	1177.995856
3327	1177.9486
3328	1177.887583
3329	1177.84012
3330	1177.797131
3331	1177.755475
3332	1177.709022
3333	1177.650287
3334	1177.60949
3335	1177.564799
3336	1177.517166
3337	1177.459449
3338	1177.407693
3339	1177.351592
3340	1177.303789
3341	1177.256569
3342	1177.210105
3343	1177.163391
3344	1177.114378
3345	1177.067651
3346	1177.022062
3347	1176.973514
3348	1176.931217
3349	1176.891884
3350	1176.848597
3351	1176.805093
3352	1176.755431
3353	1176.702391
3354	1176.656662
3355	1176.605531
3356	1176.55626
3357	1176.506552
3358	1176.461393
3359	1176.41041
3360	1176.358016
3361	1176.313606
3362	1176.27081
3363	1176.208464
3364	1176.155331
3365	1176.11815
3366	1176.077731
3367	1176.037013
3368	1175.988768
3369	1175.933639
3370	1175.885391
3371	1175.835361
3372	1175.790544
3373	1175.73161
3374	1175.690951
3375	1175.636111
3376	1175.588656
3377	1175.551599
3378	1175.499376
3379	1175.448038
3380	1175.40376
3381	1175.354213
3382	1175.305597
3383	1175.259258
3384	1175.216245
3385	1175.170211
3386	1175.117926
3387	1175.069656
3388	1175.023633
3389	1174.971104
3390	1174.924081
3391	1174.88096
3392	1174.839227
3393	1174.788265
3394	1174.737178
3395	1174.694845
3396	1174.648131
3397	1174.601174
3398	1174.547267
3399	1174.490037
3400	1174.448257
3401	1174.401359
3402	1174.35702
3403	1174.313118
3404	1174.267566
3405	1174.219469
3406	1174.168938
3407	1174.125601
3408	1174.081024
3409	1174.040319
3410	1173.99963
3411	1173.953023
3412	1173.918954
3413	1173.877808
3414	1173.826732
3415	1173.78463
3416	1173.741856
3417	1173.699432
3418	1173.638737
3419	1173.590615
3420	1173.538149
3421	1173.492341
3422	1173.450157
3423	1173.408243
3424	1173.369288
3425	1173.320569
3426	1173.278553
3427	1173.235527
3428	1173.189429
3429	1173.1448
3430	1173.101431
3431	1173.054482
3432	1173.005399
3433	1172.955176
3434	1172.909704
3435	1172.863732
3436	1172.817859
3437	1172.76934
3438	1172.718498
3439	1172.668661
3440	1172.621264
3441	1172.582442
3442	1172.527609
3443	1172.477293
3444	1172.427848
3445	1172.385611
3446	1172.34046
3447	1172.290747
3448	1172.246158
3449	1172.198748
3450	1172.153221
3451	1172.102922
3452	1172.054638
3453	1172.014184
3454	1171.96729
3455	1171.929021
3456	1171.888882
3457	1171.842316
3458	1171.804486
3459	1171.756142
3460	1171.710761
3461	1171.671555
3462	1171.620549
3463	1171.581257
3464	1171.540173
3465	1171.49142
3466	1171.446226
3467	1171.397883
3468	1171.34947
3469	1171.301918
3470	1171.257525
3471	1171.213135
3472	1171.17323
3473	1171.137904
3474	1171.088304
3475	1171.046439
3476	1171.002642
3477	1170.960803
3478	1170.915042
3479	1170.86517
3480	1170.821616
3481	1170.784146
3482	1170.741199
3483	1170.699258
3484	1170.652026
3485	1170.603968
3486	1170.562815
3487	1170.511583
3488	1170.469159
3489	1170.419826
3490	1170.379626
3491	1170.335878
3492	1170.296354
3493	1170.254105
3494	1170.210214
3495	1170.165295
3496	1170.124468
3497	1170.089257
3498	1170.043904
3499	1169.992494
3500	1169.943457
3501	1169.898621
3502	1169.850003
3503	1169.801199
3504	1169.762098
3505	1169.720451
3506	1169.666085
3507	1169.624743
3508	1169.58117
3509	1169.531293
3510	1169.486826
3511	1169.44241
3512	1169.399703
3513	1169.350154
3514	1169.300978
3515	1169.262395
3516	1169.221999
3517	1169.174977
3518	1169.126685
3519	1169.077862
3520	1169.040867
3521	1168.986784
3522	1168.925202
3523	1168.886814
3524	1168.84205
3525	1168.794368
3526	1168.752361
3527	1168.707385
3528	1168.652723
3529	1168.609336
3530	1168.572063
3531	1168.52569
3532	1168.483122
3533	1168.439697
3534	1168.3958
3535	1168.346003
3536	1168.300386
3537	1168.253233
3538	1168.202214
3539	1168.15874
3540	1168.119206
3541	1168.07006
3542	1168.02804
3543	1167.980774
3544	1167.931982
3545	1167.888715
3546	1167.846496
3547	1167.792817
3548	1167.744025
3549	1167.700491
3550	1167.648472
3551	1167.601123
3552	1167.55446
3553	1167.515701
3554	1167.477202
3555	1167.434378
3556	1167.386902
3557	1167.334665
3558	1167.294961
3559	1167.255726
3560	1167.197178
3561	1167.149036
3562	1167.108437
3563	1167.06778
3564	1167.016243
3565	1166.96236
3566	1166.913015
3567	1166.880163
3568	1166.833948
3569	1166.800441
3570	1166.758099
3571	1166.716874
3572	1166.670601
3573	1166.621604
3574	1166.573228
3575	1166.520583
3576	1166.476521
3577	1166.438051
3578	1166.387565
3579	1166.344942
3580	1166.307123
3581	1166.26694
3582	1166.227846
3583	1166.185521
3584	1166.141468
3585	1166.102812
3586	1166.061355
3587	1166.013614
3588	1165.965509
3589	1165.916701
3590	1165.87014
3591	1165.829979
3592	1165.781581
3593	1165.732823
3594	1165.687042
3595	1165.641987
3596	1165.601322
3597	1165.553147
3598	1165.500188
3599	1165.459558
3600	1165.416267
3601	1165.377887
3602	1165.332244
3603	1165.292897
3604	1165.247661
3605	1165.203389
3606	1165.164822
3607	1165.120972
3608	1165.077719
3609	1165.03723
3610	1164.983234
3611	1164.942423
3612	1164.905252
3613	1164.868032
3614	1164.822764
3615	1164.773939
3616	1164.733985
3617	1164.69226
3618	1164.648822
3619	1164.609635
3620	1164.573057
3621	1164.517305
3622	1164.476937
3623	1164.431594
3624	1164.388499
3625	1164.337384
3626	1164.30392
3627	1164.244287
3628	1164.205756
3629	1164.168872
3630	1164.13062
3631	1164.084619
3632	1164.038337
3633	1163.99076
3634	1163.944466
3635	1163.899332
3636	1163.860069
3637	1163.820679
3638	1163.78291
3639	1163.739734
3640	1163.69948
3641	1163.646188
3642	1163.600812
3643	1163.546182
3644	1163.508831
3645	1163.457436
3646	1163.417038
3647	1163.380508
3648	1163.339576
3649	1163.284728
3650	1163.248593
3651	1163.201293
3652	1163.149681
3653	1163.114
3654	1163.071245
3655	1163.024049
3656	1162.984707
3657	1162.94341
3658	1162.898953
3659	1162.868557
3660	1162.827026
3661	1162.790827
3662	1162.753285
3663	1162.705615
3664	1162.658519
3665	1162.60842
3666	1162.570984
3667	1162.519306
3668	1162.481587
3669	1162.443317
3670	1162.397562
3671	1162.355196
3672	1162.301279
3673	1162.268853
3674	1162.231547
3675	1162.188219
3676	1162.147169
3677	1162.10667
3678	1162.06469
3679	1162.031152
3680	1161.99112
3681	1161.951402
3682	1161.90742
3683	1161.869195
3684	1161.821585
3685	1161.789339
3686	1161.741793
3687	1161.687735
3688	1161.639185
3689	1161.586309
3690	1161.543368
3691	1161.512389
3692	1161.469141
3693	1161.427092
3694	1161.373181
3695	1161.328749
3696	1161.291004
3697	1161.25404
3698	1161.209264
3699	1161.17686
3700	1161.136696
3701	1161.099966
3702	1161.055755
3703	1161.019371
3704	1160.966057
3705	1160.923089
3706	1160.87226
3707	1160.835143
3708	1160.792679
3709	1160.743337
3710	1160.698944
3711	1160.65683
3712	1160.618414
3713	1160.574624
3714	1160.536765
3715	1160.496705
3716	1160.457894
3717	1160.413349
3718	1160.37447
3719	1160.332808
3720	1160.281869
3721	1160.231999
3722	1160.197916
3723	1160.153167
3724	1160.114176
3725	1160.079661
3726	1160.031802
3727	1159.995599
3728	1159.955075
3729	1159.910787
3730	1159.873378
3731	1159.825178
3732	1159.77966
3733	1159.740516
3734	1159.697638
3735	1159.655739
3736	1159.613936
3737	1159.565759
3738	1159.529971
3739	1159.475016
3740	1159.437209
3741	1159.389935
3742	1159.340212
3743	1159.296194
3744	1159.25768
3745	1159.203979
3746	1159.161328
3747	1159.120983
3748	1159.073087
3749	1159.036398
3750	1158.998025
3751	1158.963404
3752	1158.929915
3753	1158.887817
3754	1158.845599
3755	1158.797712
3756	1158.763304
3757	1158.732513
3758	1158.687675
3759	1158.643609
3760	1158.584231
3761	1158.536624
3762	1158.493542
3763	1158.453107
3764	1158.423298
3765	1158.380818
3766	1158.330589
3767	1158.291526
3768	1158.246613
3769	1158.20789
3770	1158.169592
3771	1158.134447
3772	1158.090874
3773	1158.041739
3774	1157.996817
3775	1157.953064
3776	1157.903841
3777	1157.85873
3778	1157.817769
3779	1157.783099
3780	1157.74432
3781	1157.697174
3782	1157.658481
3783	1157.614736
3784	1157.572242
3785	1157.532978
3786	1157.48624
3787	1157.445694
3788	1157.402256
3789	1157.357873
3790	1157.322084
3791	1157.272748
3792	1157.230071
3793	1157.190325
3794	1157.146547
3795	1157.110612
3796	1157.071987
3797	1157.032871
3798	1156.984007
3799	1156.928506
3800	1156.886039
3801	1156.836541
3802	1156.793704
3803	1156.755217
3804	1156.71553
3805	1156.683113
3806	1156.6356
3807	1156.581971
3808	1156.543322
3809	1156.505069
3810	1156.461402
3811	1156.419168
3812	1156.375203
3813	1156.331
3814	1156.290593
3815	1156.253548
3816	1156.21005
3817	1156.168567
3818	1156.139849
3819	1156.104185
3820	1156.065085
3821	1156.023037
3822	1155.982541
3823	1155.936885
3824	1155.894625
3825	1155.856289
3826	1155.822583
3827	1155.777549
3828	1155.737583
3829	1155.698604
3830	1155.652899
3831	1155.613371
3832	1155.572831
3833	1155.536138
3834	1155.494603
3835	1155.45743
3836	1155.412801
3837	1155.361318
3838	1155.322492
3839	1155.282057
3840	1155.240119
3841	1155.204742
3842	1155.171968
3843	1155.129071
3844	1155.078404
3845	1155.042025
3846	1154.999725
3847	1154.968884
3848	1154.930763
3849	1154.895108
3850	1154.836931
3851	1154.800166
3852	1154.768457
3853	1154.730094
3854	1154.697511
3855	1154.660035
3856	1154.623379
3857	1154.58258
3858	1154.541789
3859	1154.505826
3860	1154.469398
3861	1154.43481
3862	1154.392087
3863	1154.354929
3864	1154.317429
3865	1154.277179
3866	1154.235027
3867	1154.187434
3868	1154.141154
3869	1154.096636
3870	1154.058239
3871	1154.017893
3872	1153.989522
3873	1153.951451
3874	1153.911457
3875	1153.875032
3876	1153.834893
3877	1153.797746
3878	1153.741423
3879	1153.698684
3880	1153.650212
3881	1153.59428
3882	1153.546774
3883	1153.502654
3884	1153.459665
3885	1153.416007
3886	1153.375312
3887	1153.333688
3888	1153.294761
3889	1153.258441
3890	1153.224975
3891	1153.189729
3892	1153.151455
3893	1153.116071
3894	1153.070036
3895	1153.033315
3896	1152.995058
3897	1152.958961
3898	1152.915069
3899	1152.873519
3900	1152.834468
3901	1152.788587
3902	1152.737927
3903	1152.702166
3904	1152.650545
3905	1152.607347
3906	1152.561138
3907	1152.525348
3908	1152.494842
3909	1152.449569
3910	1152.389918
3911	1152.36057
3912	1152.321322
3913	1152.279193
3914	1152.234143
3915	1152.183023
3916	1152.137158
3917	1152.10131
3918	1152.061447
3919	1152.025771
3920	1151.982393
3921	1151.943557
3922	1151.902635
3923	1151.857645
3924	1151.816528
3925	1151.777646
3926	1151.739061
3927	1151.701464
3928	1151.658609
3929	1151.62512
3930	1151.585361
3931	1151.539394
3932	1151.497439
3933	1151.465191
3934	1151.438918
3935	1151.401027
3936	1151.364513
3937	1151.325505
3938	1151.294042
3939	1151.261426
3940	1151.221045
3941	1151.178897
3942	1151.120025
3943	1151.082531
3944	1151.049561
3945	1151.012519
3946	1150.978194
3947	1150.937137
3948	1150.895776
3949	1150.867885
3950	1150.839017
3951	1150.800099
3952	1150.762994
3953	1150.723574
3954	1150.684751
3955	1150.649827
3956	1150.612612
3957	1150.578876
3958	1150.539822
3959	1150.503017
3960	1150.463595
3961	1150.428222
3962	1150.394523
3963	1150.353487
3964	1150.312691
3965	1150.265235
3966	1150.228503
3967	1150.191745
3968	1150.154453
3969	1150.115662
3970	1150.070896
3971	1150.022143
3972	1149.984333
3973	1149.941956
3974	1149.909508
3975	1149.860636
3976	1149.805669
3977	1149.772583
3978	1149.715257
3979	1149.671987
3980	1149.637792
3981	1149.596782
3982	1149.566733
3983	1149.532665
3984	1149.50206
3985	1149.462172
3986	1149.413799
3987	1149.373274
3988	1149.334328
3989	1149.296538
3990	1149.251242
3991	1149.217474
3992	1149.183214
3993	1149.150385
3994	1149.101917
3995	1149.066649
3996	1149.032048
3997	1148.996753
3998	1148.960223
3999	1148.918925
4000	1148.872247
4001	1148.83002
4002	1148.794733
4003	1148.756193
4004	1148.719389
4005	1148.678754
4006	1148.643785
4007	1148.607715
4008	1148.564593
4009	1148.529693
4010	1148.49193
4011	1148.459074
4012	1148.425105
4013	1148.380312
4014	1148.333576
4015	1148.293646
4016	1148.251645
4017	1148.215701
4018	1148.186671
4019	1148.145166
4020	1148.108791
4021	1148.055016
4022	1148.010725
4023	1147.97749
4024	1147.939851
4025	1147.898167
4026	1147.865012
4027	1147.827577
4028	1147.786123
4029	1147.75176
4030	1147.713936
4031	1147.673903
4032	1147.620394
4033	1147.582112
4034	1147.537371
4035	1147.498149
4036	1147.455548
4037	1147.422329
4038	1147.383352
4039	1147.33651
4040	1147.2974
4041	1147.262759
4042	1147.221105
4043	1147.184417
4044	1147.13465
4045	1147.102663
4046	1147.060905
4047	1147.032997
4048	1146.992238
4049	1146.962646
4050	1146.934977
4051	1146.903693
4052	1146.871109
4053	1146.834716
4054	1146.797854
4055	1146.762484
4056	1146.719778
4057	1146.688051
4058	1146.645218
4059	1146.612889
4060	1146.581158
4061	1146.538026
4062	1146.505838
4063	1146.469863
4064	1146.43398
4065	1146.400342
4066	1146.365861
4067	1146.324858
4068	1146.29005
4069	1146.254461
4070	1146.21194
4071	1146.180071
4072	1146.132654
4073	1146.103851
4074	1146.073846
4075	1146.040995
4076	1146.005022
4077	1145.969333
4078	1145.929488
4079	1145.890004
4080	1145.847592
4081	1145.810502
4082	1145.774862
4083	1145.732022
4084	1145.691733
4085	1145.654279
4086	1145.620893
4087	1145.583166
4088	1145.547329
4089	1145.51491
4090	1145.475092
4091	1145.437422
4092	1145.403849
4093	1145.362171
4094	1145.322024
4095	1145.286112
4096	1145.241482
4097	1145.202931
4098	1145.172962
4099	1145.14112
4100	1145.101828
4101	1145.066026
4102	1145.035272
4103	1144.998094
4104	1144.971885
4105	1144.940371
4106	1144.904544
4107	1144.877845
4108	1144.838469
4109	1144.805759
4110	1144.769782
4111	1144.722381
4112	1144.678044
4113	1144.642076
4114	1144.596533
4115	1144.551933
4116	1144.507176
4117	1144.467271
4118	1144.438635
4119	1144.400531
4120	1144.365437
4121	1144.328968
4122	1144.294696
4123	1144.252826
4124	1144.21318
4125	1144.175323
4126	1144.134402
4127	1144.104743
4128	1144.066715
4129	1144.032385
4130	1143.999083
4131	1143.966118
4132	1143.928078
4133	1143.896092
4134	1143.847945
4135	1143.815399
4136	1143.786523
4137	1143.759066
4138	1143.731107
4139	1143.695404
4140	1143.666217
4141	1143.63329
4142	1143.604264
4143	1143.578521
4144	1143.536818
4145	1143.500533
4146	1143.464426
4147	1143.415742
4148	1143.381943
4149	1143.347009
4150	1143.316259
4151	1143.282143
4152	1143.249436
4153	1143.219516
4154	1143.188262
4155	1143.151724
4156	1143.104025
4157	1143.070891
4158	1143.029414
4159	1142.99163
4160	1142.951518
4161	1142.906596
4162	1142.874341
4163	1142.832182
4164	1142.802559
4165	1142.764285
4166	1142.727575
4167	1142.696684
4168	1142.6637
4169	1142.625071
4170	1142.589906
4171	1142.555788
4172	1142.511182
4173	1142.468212
4174	1142.43264
4175	1142.404182
4176	1142.370155
4177	1142.334866
4178	1142.297792
4179	1142.255083
4180	1142.219072
4181	1142.183187
4182	1142.128337
4183	1142.086309
4184	1142.049096
4185	1142.011434
4186	1141.978525
4187	1141.935781
4188	1141.899168
4189	1141.853186
4190	1141.82137
4191	1141.790242
4192	1141.758795
4193	1141.720334
4194	1141.689494
4195	1141.649487
4196	1141.613978
4197	1141.582742
4198	1141.539465
4199	1141.497332
4200	1141.471984
4201	1141.434613
4202	1141.40336
4203	1141.369203
4204	1141.335271
4205	1141.303562
4206	1141.262958
4207	1141.237723
4208	1141.199109
4209	1141.157182
4210	1141.115431
4211	1141.079814
4212	1141.047419
4213	1141.011859
4214	1140.976014
4215	1140.954644
4216	1140.921486
4217	1140.881357
4218	1140.850139
4219	1140.821397
4220	1140.78662
4221	1140.738728
4222	1140.699641
4223	1140.665428
4224	1140.629878
4225	1140.59851
4226	1140.567768
4227	1140.532983
4228	1140.490988
4229	1140.458216
4230	1140.418915
4231	1140.372936
4232	1140.335011
4233	1140.294768
4234	1140.25351
4235	1140.213376
4236	1140.180335
4237	1140.146207
4238	1140.114513
4239	1140.076813
4240	1140.039186
4241	1139.998059
4242	1139.958379
4243	1139.922183
4244	1139.885993
4245	1139.847886
4246	1139.81586
4247	1139.780325
4248	1139.739225
4249	1139.695555
4250	1139.662268
4251	1139.638357
4252	1139.60392
4253	1139.578087
4254	1139.541858
4255	1139.497117
4256	1139.461761
4257	1139.428136
4258	1139.395157
4259	1139.355215
4260	1139.306896
4261	1139.275349
4262	1139.24289
4263	1139.199631
4264	1139.167533
4265	1139.132462
4266	1139.099233
4267	1139.058535
4268	1139.019598
4269	1138.981364
4270	1138.947305
4271	1138.912712
4272	1138.884099
4273	1138.840606
4274	1138.811889
4275	1138.78098
4276	1138.746338
4277	1138.719831
4278	1138.68306
4279	1138.646021
4280	1138.612721
4281	1138.56854
4282	1138.536495
4283	1138.509228
4284	1138.47353
4285	1138.436279
4286	1138.396538
4287	1138.370768
4288	1138.328176
4289	1138.293299
4290	1138.254448
4291	1138.224057
4292	1138.18294
4293	1138.151278
4294	1138.11242
4295	1138.077265
4296	1138.04062
4297	1138.006038
4298	1137.968516
4299	1137.93791
4300	1137.898643
4301	1137.866562
4302	1137.837786
4303	1137.800266
4304	1137.757264
4305	1137.726977
4306	1137.698842
4307	1137.664498
4308	1137.625725
4309	1137.594861
4310	1137.561011
4311	1137.52114
4312	1137.488423
4313	1137.458241
4314	1137.426698
4315	1137.398243
4316	1137.354402
4317	1137.319316
4318	1137.279245
4319	1137.233115
4320	1137.190432
4321	1137.157195
4322	1137.124595
4323	1137.086795
4324	1137.051548
4325	1137.004897
4326	1136.971745
4327	1136.940434
4328	1136.90719
4329	1136.865408
4330	1136.820403
4331	1136.783062
4332	1136.749135
4333	1136.718032
4334	1136.683684
4335	1136.651364
4336	1136.618795
4337	1136.578128
4338	1136.546124
4339	1136.514983
4340	1136.484398
4341	1136.453642
4342	1136.416637
4343	1136.37644
4344	1136.339383
4345	1136.310077
4346	1136.276849
4347	1136.240331
4348	1136.203516
4349	1136.171635
4350	1136.136073
4351	1136.095207
4352	1136.062581
4353	1136.0288
4354	1135.989449
4355	1135.95619
4356	1135.924148
4357	1135.889808
4358	1135.844889
4359	1135.809651
4360	1135.781963
4361	1135.748635
4362	1135.724179
4363	1135.690967
4364	1135.654403
4365	1135.62397
4366	1135.590435
4367	1135.562483
4368	1135.512285
4369	1135.482395
4370	1135.450016
4371	1135.4205
4372	1135.387145
4373	1135.344999
4374	1135.317302
4375	1135.283331
4376	1135.239737
4377	1135.208979
4378	1135.17379
4379	1135.140139
4380	1135.111895
4381	1135.076613
4382	1135.045094
4383	1135.014672
4384	1134.977117
4385	1134.944023
4386	1134.913626
4387	1134.882302
4388	1134.850322
4389	1134.824069
4390	1134.795489
4391	1134.755495
4392	1134.722398
4393	1134.687548
4394	1134.656181
4395	1134.623011
4396	1134.573308
4397	1134.544783
4398	1134.515581
4399	1134.484676
4400	1134.45128
4401	1134.421685
4402	1134.387174
4403	1134.344749
4404	1134.31354
4405	1134.279998
4406	1134.243569
4407	1134.207549
4408	1134.173059
4409	1134.142746
4410	1134.114262
4411	1134.083784
4412	1134.057126
4413	1134.02477
4414	1133.99468
4415	1133.972263
4416	1133.935075
4417	1133.901562
4418	1133.866453
4419	1133.84135
4420	1133.807381
4421	1133.775722
4422	1133.742184
4423	1133.699635
4424	1133.666474
4425	1133.628994
4426	1133.598544
4427	1133.562004
4428	1133.529565
4429	1133.496361
4430	1133.454994
4431	1133.42512
4432	1133.384747
4433	1133.360347
4434	1133.33069
4435	1133.295621
4436	1133.266662
4437	1133.236419
4438	1133.204666
4439	1133.167858
4440	1133.138817
4441	1133.099471
4442	1133.063328
4443	1133.026784
4444	1133.005477
4445	1132.970709
4446	1132.940486
4447	1132.893839
4448	1132.863751
4449	1132.82648
4450	1132.795305
4451	1132.760332
4452	1132.726556
4453	1132.69031
4454	1132.659582
4455	1132.628801
4456	1132.596352
4457	1132.56697
4458	1132.535547
4459	1132.495462
4460	1132.462275
4461	1132.42612
4462	1132.385866
4463	1132.333858
4464	1132.31169
4465	1132.271747
4466	1132.243472
4467	1132.209133
4468	1132.167544
4469	1132.128391
4470	1132.095568
4471	1132.053409
4472	1132.017736
4473	1131.98681
4474	1131.943372
4475	1131.912998
4476	1131.877208
4477	1131.844713
4478	1131.806628
4479	1131.777117
4480	1131.73063
4481	1131.696148
4482	1131.669508
4483	1131.639638
4484	1131.607632
4485	1131.56765
4486	1131.535873
4487	1131.501706
4488	1131.469812
4489	1131.427392
4490	1131.390539
4491	1131.361473
4492	1131.330245
4493	1131.296607
4494	1131.266308
4495	1131.238239
4496	1131.197823
4497	1131.16381
4498	1131.137151
4499	1131.096668
4500	1131.076078
4501	1131.05126
4502	1131.006421
4503	1130.967058
4504	1130.939416
4505	1130.907392
4506	1130.877876
4507	1130.840865
4508	1130.806001
4509	1130.772761
4510	1130.742981
4511	1130.70823
4512	1130.671947
4513	1130.642687
4514	1130.61317
4515	1130.577127
4516	1130.548969
4517	1130.508801
4518	1130.480609
4519	1130.449946
4520	1130.416785
4521	1130.38161
4522	1130.352797
4523	1130.328229
4524	1130.304046
4525	1130.258534
4526	1130.203876
4527	1130.172284
4528	1130.141463
4529	1130.098939
4530	1130.068013
4531	1130.036826
4532	1130.006709
4533	1129.967378
4534	1129.945273
4535	1129.916701
4536	1129.885781
4537	1129.849874
4538	1129.815124
4539	1129.773888
4540	1129.739026
4541	1129.704179
4542	1129.668792
4543	1129.641839
4544	1129.617532
4545	1129.585061
4546	1129.547642
4547	1129.515978
4548	1129.481005
4549	1129.453012
4550	1129.414387
4551	1129.378201
4552	1129.349192
4553	1129.312168
4554	1129.284284
4555	1129.255834
4556	1129.217655
4557	1129.185867
4558	1129.152822
4559	1129.122947
4560	1129.080806
4561	1129.057301
4562	1129.01619
4563	1128.980159
4564	1128.959457
4565	1128.923203
4566	1128.88569
4567	1128.860525
4568	1128.821197
4569	1128.786199
4570	1128.757829
4571	1128.728147
4572	1128.690594
4573	1128.650361
4574	1128.621265
4575	1128.583263
4576	1128.548155
4577	1128.520436
4578	1128.491258
4579	1128.466014
4580	1128.437179
4581	1128.408153
4582	1128.386131
4583	1128.34172
4584	1128.309407
4585	1128.277716
4586	1128.249869
4587	1128.219244
4588	1128.191635
4589	1128.165818
4590	1128.140058
4591	1128.10754
4592	1128.06543
4593	1128.034544
4594	1127.994168
4595	1127.962648
4596	1127.929096
4597	1127.897826
4598	1127.865593
4599	1127.83821
4600	1127.799292
4601	1127.767711
4602	1127.740989
4603	1127.706779
4604	1127.670613
4605	1127.646908
4606	1127.607997
4607	1127.57348
4608	1127.544725
4609	1127.51602
4610	1127.480259
4611	1127.453481
4612	1127.426181
4613	1127.39217
4614	1127.364262
4615	1127.341835
4616	1127.314104
4617	1127.284194
4618	1127.24783
4619	1127.218774
4620	1127.186958
4621	1127.163075
4622	1127.132893
4623	1127.098506
4624	1127.07118
4625	1127.034782
4626	1126.980406
4627	1126.940392
4628	1126.910482
4629	1126.885207
4630	1126.858136
4631	1126.825901
4632	1126.79659
4633	1126.769251
4634	1126.733276
4635	1126.702498
4636	1126.670576
4637	1126.639792
4638	1126.610021
4639	1126.571478
4640	1126.534082
4641	1126.505816
4642	1126.47668
4643	1126.438127
4644	1126.408844
4645	1126.379265
4646	1126.342967
4647	1126.31128
4648	1126.28339
4649	1126.251359
4650	1126.231948
4651	1126.186282
4652	1126.152643
4653	1126.130464
4654	1126.104717
4655	1126.071773
4656	1126.036076
4657	1126.007006
4658	1125.979288
4659	1125.944929
4660	1125.917929
4661	1125.885261
4662	1125.85276
4663	1125.806971
4664	1125.778783
4665	1125.741123
4666	1125.707313
4667	1125.677368
4668	1125.64976
4669	1125.62046
4670	1125.565993
4671	1125.535605
4672	1125.504444
4673	1125.460373
4674	1125.42762
4675	1125.399226
4676	1125.366251
4677	1125.334382
4678	1125.306414
4679	1125.27134
4680	1125.250145
4681	1125.204053
4682	1125.174476
4683	1125.147213
4684	1125.112904
4685	1125.086485
4686	1125.048285
4687	1125.019848
4688	1124.98565
4689	1124.959075
4690	1124.931989
4691	1124.892156
4692	1124.861426
4693	1124.831884
4694	1124.806663
4695	1124.77925
4696	1124.747032
4697	1124.716508
4698	1124.680756
4699	1124.650599
4700	1124.623664
4701	1124.584928
4702	1124.555342
4703	1124.526408
4704	1124.486032
4705	1124.446892
4706	1124.408848
4707	1124.381204
4708	1124.352513
4709	1124.31492
4710	1124.284261
4711	1124.255549
4712	1124.219767
4713	1124.192613
4714	1124.155401
4715	1124.125293
4716	1124.092123
4717	1124.059891
4718	1124.012501
4719	1123.979893
4720	1123.956294
4721	1123.932438
4722	1123.91066
4723	1123.880268
4724	1123.85454
4725	1123.825927
4726	1123.797799
4727	1123.766688
4728	1123.736868
4729	1123.699147
4730	1123.663379
4731	1123.62552
4732	1123.606496
4733	1123.561613
4734	1123.534349
4735	1123.502586
4736	1123.472483
4737	1123.445288
4738	1123.410463
4739	1123.375611
4740	1123.350587
4741	1123.312613
4742	1123.27771
4743	1123.249703
4744	1123.212932
4745	1123.172595
4746	1123.130073
4747	1123.103557
4748	1123.07118
4749	1123.032364
4750	1123.005271
4751	1122.981965
4752	1122.947572
4753	1122.916644
4754	1122.879819
4755	1122.855395
4756	1122.834518
4757	1122.80917
4758	1122.782284
4759	1122.756372
4760	1122.722076
4761	1122.680529
4762	1122.651032
4763	1122.623692
4764	1122.589506
4765	1122.559866
4766	1122.539532
4767	1122.508051
4768	1122.488077
4769	1122.463592
4770	1122.4388
4771	1122.404514
4772	1122.370155
4773	1122.333432
4774	1122.303445
4775	1122.270415
4776	1122.232521
4777	1122.199171
4778	1122.159456
4779	1122.131808
4780	1122.105477
4781	1122.073385
4782	1122.037567
4783	1122.012379
4784	1121.982727
4785	1121.952933
4786	1121.921214
4787	1121.883337
4788	1121.857702
4789	1121.818623
4790	1121.789477
4791	1121.756927
4792	1121.719343
4793	1121.692867
4794	1121.658409
4795	1121.628243
4796	1121.597761
4797	1121.56347
4798	1121.53918
4799	1121.50734
4800	1121.468094
4801	1121.441602
4802	1121.417267
4803	1121.383733
4804	1121.351598
4805	1121.316051
4806	1121.2845
4807	1121.257857
4808	1121.230442
4809	1121.195617
4810	1121.16906
4811	1121.129107
4812	1121.099849
4813	1121.063798
4814	1121.043854
4815	1121.01124
4816	1120.979446
4817	1120.950948
4818	1120.924871
4819	1120.890942
4820	1120.855382
4821	1120.826824
4822	1120.793903
4823	1120.761612
4824	1120.728672
4825	1120.699017
4826	1120.671852
4827	1120.64562
4828	1120.613018
4829	1120.586268
4830	1120.553349
4831	1120.520585
4832	1120.49124
4833	1120.458669
4834	1120.434069
4835	1120.405423
4836	1120.38098
4837	1120.355708
4838	1120.333903
4839	1120.305757
4840	1120.274918
4841	1120.249454
4842	1120.223362
4843	1120.188064
4844	1120.160311
4845	1120.128152
4846	1120.086167
4847	1120.059795
4848	1120.030799
4849	1120.001244
4850	1119.968832
4851	1119.934881
4852	1119.910659
4853	1119.885135
4854	1119.859593
4855	1119.83788
4856	1119.8101
4857	1119.781159
4858	1119.753411
4859	1119.709606
4860	1119.674237
4861	1119.640326
4862	1119.604218
4863	1119.57899
4864	1119.552847
4865	1119.515953
4866	1119.485736
4867	1119.457046
4868	1119.428865
4869	1119.403971
4870	1119.370183
4871	1119.339761
4872	1119.303469
4873	1119.269147
4874	1119.241334
4875	1119.219878
4876	1119.180996
4877	1119.152748
4878	1119.107486
4879	1119.074216
4880	1119.044192
4881	1119.017353
4882	1118.988117
4883	1118.963302
4884	1118.931367
4885	1118.90364
4886	1118.869287
4887	1118.83671
4888	1118.809462
4889	1118.781494
4890	1118.754465
4891	1118.724843
4892	1118.696487
4893	1118.663862
4894	1118.639067
4895	1118.610679
4896	1118.584004
4897	1118.555698
4898	1118.509775
4899	1118.48439
4900	1118.449126
4901	1118.425694
4902	1118.400775
4903	1118.357956
4904	1118.330428
4905	1118.301263
4906	1118.274487
4907	1118.25026
4908	1118.212962
4909	1118.186177
4910	1118.15388
4911	1118.127654
4912	1118.098473
4913	1118.071072
4914	1118.042133
4915	1118.015165
4916	1117.982761
4917	1117.95734
4918	1117.93535
4919	1117.905458
4920	1117.876388
4921	1117.848653
4922	1117.821887
4923	1117.788661
4924	1117.76505
4925	1117.721114
4926	1117.689697
4927	1117.651428
4928	1117.612637
4929	1117.578585
4930	1117.554822
4931	1117.516852
4932	1117.484238
4933	1117.462592
4934	1117.435505
4935	1117.417373
4936	1117.385224
4937	1117.35926
4938	1117.329419
4939	1117.301672
4940	1117.278175
4941	1117.255817
4942	1117.234062
4943	1117.205261
4944	1117.169762
4945	1117.136647
4946	1117.113925
4947	1117.087281
4948	1117.063568
4949	1117.030231
4950	1117.003952
4951	1116.972382
4952	1116.941713
4953	1116.918192
4954	1116.888955
4955	1116.861512
4956	1116.841099
4957	1116.818775
4958	1116.783643
4959	1116.748515
4960	1116.724248
4961	1116.688186
4962	1116.654921
4963	1116.608753
4964	1116.57495
4965	1116.548003
4966	1116.513912
4967	1116.489882
4968	1116.463388
4969	1116.436296
4970	1116.417418
4971	1116.38315
4972	1116.349752
4973	1116.314825
4974	1116.295011
4975	1116.269453
4976	1116.242896
4977	1116.215615
4978	1116.176284
4979	1116.144803
4980	1116.120165
4981	1116.087677
4982	1116.047458
4983	1116.015324
4984	1115.992398
4985	1115.969825
4986	1115.939092
4987	1115.902037
4988	1115.870943
4989	1115.834564
4990	1115.800788
4991	1115.772809
4992	1115.737425
4993	1115.712934
4994	1115.683976
4995	1115.658924
4996	1115.622264
4997	1115.596262
4998	1115.579332
4999	1115.555875
5000	1115.52575
5001	1115.500189
5002	1115.471842
5003	1115.443735
5004	1115.415662
5005	1115.383815
5006	1115.347612
5007	1115.320892
5008	1115.289755
5009	1115.252185
5010	1115.218649
5011	1115.179374
5012	1115.151028
5013	1115.128547
5014	1115.103044
5015	1115.07094
5016	1115.042176
5017	1115.01838
5018	1114.998427
5019	1114.971177
5020	1114.951769
5021	1114.921937
5022	1114.895606
5023	1114.8717
5024	1114.845059
5025	1114.816789
5026	1114.788331
5027	1114.765061
5028	1114.738029
5029	1114.702093
5030	1114.669792
5031	1114.645595
5032	1114.622482
5033	1114.593648
5034	1114.555698
5035	1114.522735
5036	1114.501404
5037	1114.47631
5038	1114.450733
5039	1114.41108
5040	1114.384637
5041	1114.362048
5042	1114.330395
5043	1114.307994
5044	1114.28682
5045	1114.259582
5046	1114.23801
5047	1114.219561
5048	1114.198972
5049	1114.171627
5050	1114.145994
5051	1114.123636
5052	1114.092813
5053	1114.068703
5054	1114.039341
5055	1114.006058
5056	1113.972978
5057	1113.951804
5058	1113.922215
5059	1113.898652
5060	1113.878503
5061	1113.854353
5062	1113.834683
5063	1113.798668
5064	1113.77241
5065	1113.744879
5066	1113.717883
5067	1113.685036
5068	1113.660296
5069	1113.635599
5070	1113.608127
5071	1113.579642
5072	1113.558039
5073	1113.535768
5074	1113.501528
5075	1113.46815
5076	1113.434662
5077	1113.414096
5078	1113.388572
5079	1113.359466
5080	1113.317916
5081	1113.283493
5082	1113.249855
5083	1113.224158
5084	1113.194664
5085	1113.162883
5086	1113.128687
5087	1113.102003
5088	1113.078632
5089	1113.053508
5090	1113.020678
5091	1112.99493
5092	1112.960261
5093	1112.9319
5094	1112.898571
5095	1112.861515
5096	1112.834633
5097	1112.812574
5098	1112.787006
5099	1112.756765
5100	1112.734073
5101	1112.70716
5102	1112.677066
5103	1112.649963
5104	1112.620802
5105	1112.594751
5106	1112.567433
5107	1112.543258
5108	1112.507838
5109	1112.486534
5110	1112.464073
5111	1112.426082
5112	1112.398853
5113	1112.376314
5114	1112.349399
5115	1112.320027
5116	1112.286824
5117	1112.264872
5118	1112.225568
5119	1112.20185
5120	1112.176083
5121	1112.154091
5122	1112.132122
5123	1112.114677
5124	1112.091254
5125	1112.062153
5126	1112.030034
5127	1112.000759
5128	1111.972279
5129	1111.938384
5130	1111.900924
5131	1111.876497
5132	1111.852663
5133	1111.832242
5134	1111.798827
5135	1111.772878
5136	1111.742366
5137	1111.71801
5138	1111.69481
5139	1111.669525
5140	1111.636969
5141	1111.619608
5142	1111.584583
5143	1111.552282
5144	1111.526253
5145	1111.493586
5146	1111.468141
5147	1111.440951
5148	1111.41887
5149	1111.395672
5150	1111.36974
5151	1111.341889
5152	1111.322814
5153	1111.300048
5154	1111.282425
5155	1111.264917
5156	1111.234142
5157	1111.216339
5158	1111.19914
5159	1111.171107
5160	1111.141652
5161	1111.112641
5162	1111.083544
5163	1111.037712
5164	1111.006549
5165	1110.981807
5166	1110.958354
5167	1110.931348
5168	1110.899799
5169	1110.871223
5170	1110.843073
5171	1110.817689
5172	1110.785081
5173	1110.760735
5174	1110.739733
5175	1110.719064
5176	1110.698555
5177	1110.669187
5178	1110.639559
5179	1110.617812
5180	1110.584455
5181	1110.566891
5182	1110.537174
5183	1110.508591
5184	1110.48104
5185	1110.453236
5186	1110.42804
5187	1110.397259
5188	1110.366888
5189	1110.331379
5190	1110.303443
5191	1110.281554
5192	1110.258898
5193	1110.223747
5194	1110.196646
5195	1110.166277
5196	1110.142572
5197	1110.111021
5198	1110.076386
5199	1110.05613
5200	1110.019782
5201	1109.995348
5202	1109.96528
5203	1109.935357
5204	1109.914376
5205	1109.892912
5206	1109.859875
5207	1109.833981
5208	1109.810081
5209	1109.783358
5210	1109.756159
5211	1109.723435
5212	1109.69239
5213	1109.659584
5214	1109.639673
5215	1109.616932
5216	1109.59017
5217	1109.566803
5218	1109.532789
5219	1109.510077
5220	1109.486352
5221	1109.45984
5222	1109.431562
5223	1109.411379
5224	1109.377563
5225	1109.34799
5226	1109.317079
5227	1109.29408
5228	1109.26751
5229	1109.243385
5230	1109.225304
5231	1109.20012
5232	1109.165324
5233	1109.14188
5234	1109.121665
5235	1109.091111
5236	1109.057478
5237	1109.034055
5238	1109.001129
5239	1108.979527
5240	1108.954469
5241	1108.923578
5242	1108.895513
5243	1108.874453
5244	1108.837776
5245	1108.813059
5246	1108.792424
5247	1108.766669
5248	1108.74302
5249	1108.716572
5250	1108.681738
5251	1108.662206
5252	1108.636519
5253	1108.610083
5254	1108.587444
5255	1108.560037
5256	1108.53658
5257	1108.509322
5258	1108.483523
5259	1108.451246
5260	1108.42261
5261	1108.401539
5262	1108.380141
5263	1108.356299
5264	1108.326775
5265	1108.300996
5266	1108.271802
5267	1108.246798
5268	1108.216406
5269	1108.181596
5270	1108.162889
5271	1108.145206
5272	1108.115974
5273	1108.096518
5274	1108.068578
5275	1108.037776
5276	1108.00948
5277	1107.9847
5278	1107.953132
5279	1107.926721
5280	1107.894831
5281	1107.870902
5282	1107.844398
5283	1107.814964
5284	1107.789253
5285	1107.750321
5286	1107.721673
5287	1107.697393
5288	1107.673394
5289	1107.641972
5290	1107.615687
5291	1107.585035
5292	1107.557878
5293	1107.528034
5294	1107.498034
5295	1107.480643
5296	1107.451674
5297	1107.43452
5298	1107.400643
5299	1107.377515
5300	1107.348241
5301	1107.321777
5302	1107.302471
5303	1107.274292
5304	1107.246818
5305	1107.228583
5306	1107.199177
5307	1107.176778
5308	1107.148666
5309	1107.109691
5310	1107.086411
5311	1107.060677
5312	1107.027529
5313	1107.002031
5314	1106.974642
5315	1106.942393
5316	1106.917734
5317	1106.89493
5318	1106.860456
5319	1106.824739
5320	1106.796242
5321	1106.764603
5322	1106.741105
5323	1106.709394
5324	1106.672494
5325	1106.64319
5326	1106.614508
5327	1106.589697
5328	1106.566459
5329	1106.549168
5330	1106.530151
5331	1106.496843
5332	1106.477183
5333	1106.448971
5334	1106.427298
5335	1106.406167
5336	1106.382953
5337	1106.350784
5338	1106.323988
5339	1106.299761
5340	1106.276845
5341	1106.249167
5342	1106.220664
5343	1106.19233
5344	1106.168852
5345	1106.138668
5346	1106.112884
5347	1106.090009
5348	1106.056903
5349	1106.033815
5350	1106.011821
5351	1105.980172
5352	1105.957085
5353	1105.934029
5354	1105.90943
5355	1105.883985
5356	1105.867592
5357	1105.842017
5358	1105.815051
5359	1105.796099
5360	1105.780671
5361	1105.755107
5362	1105.730692
5363	1105.706485
5364	1105.678985
5365	1105.654503
5366	1105.629674
5367	1105.593695
5368	1105.569575
5369	1105.54727
5370	1105.513042
5371	1105.485149
5372	1105.46144
5373	1105.423747
5374	1105.403288
5375	1105.378102
5376	1105.359559
5377	1105.339699
5378	1105.322283
5379	1105.294715
5380	1105.269649
5381	1105.245384
5382	1105.218694
5383	1105.198653
5384	1105.173513
5385	1105.156171
5386	1105.122335
5387	1105.090982
5388	1105.060653
5389	1105.031154
5390	1104.999946
5391	1104.978681
5392	1104.954394
5393	1104.922189
5394	1104.900035
5395	1104.878067
5396	1104.854516
5397	1104.823599
5398	1104.79643
5399	1104.766091
5400	1104.742006
5401	1104.712988
5402	1104.681994
5403	1104.662441
5404	1104.635494
5405	1104.617681
5406	1104.591792
5407	1104.562433
5408	1104.541547
5409	1104.522244
5410	1104.497576
5411	1104.464345
5412	1104.436262
5413	1104.409159
5414	1104.385219
5415	1104.366209
5416	1104.344246
5417	1104.322665
5418	1104.298896
5419	1104.275923
5420	1104.245703
5421	1104.214857
5422	1104.180086
5423	1104.158795
5424	1104.139576
5425	1104.118119
5426	1104.089195
5427	1104.05964
5428	1104.028725
5429	1104.010124
5430	1103.981393
5431	1103.952872
5432	1103.92671
5433	1103.893929
5434	1103.8674
5435	1103.844501
5436	1103.824504
5437	1103.794523
5438	1103.762251
5439	1103.74271
5440	1103.72227
5441	1103.701588
5442	1103.68173
5443	1103.64477
5444	1103.617386
5445	1103.594639
5446	1103.572604
5447	1103.552073
5448	1103.535046
5449	1103.505164
5450	1103.477658
5451	1103.449488
5452	1103.433499
5453	1103.408851
5454	1103.38584
5455	1103.357414
5456	1103.337777
5457	1103.306953
5458	1103.284539
5459	1103.252858
5460	1103.229315
5461	1103.206812
5462	1103.183963
5463	1103.164387
5464	1103.141555
5465	1103.117024
5466	1103.097835
5467	1103.074483
5468	1103.047298
5469	1103.020701
5470	1102.997693
5471	1102.975407
5472	1102.950593
5473	1102.908885
5474	1102.884378
5475	1102.858787
5476	1102.836521
5477	1102.805692
5478	1102.783962
5479	1102.747441
5480	1102.727103
5481	1102.704239
5482	1102.680857
5483	1102.652941
5484	1102.629257
5485	1102.611405
5486	1102.587335
5487	1102.566614
5488	1102.540567
5489	1102.519145
5490	1102.499078
5491	1102.472837
5492	1102.450637
5493	1102.417903
5494	1102.396913
5495	1102.365424
5496	1102.33918
5497	1102.31076
5498	1102.286799
5499	1102.270716
5500	1102.241787
5501	1102.213989
5502	1102.182341
5503	1102.155303
5504	1102.131407
5505	1102.107776
5506	1102.086065
5507	1102.059958
5508	1102.037665
5509	1102.013769
5510	1101.986858
5511	1101.955784
5512	1101.937976
5513	1101.907675
5514	1101.889666
5515	1101.859556
5516	1101.831077
5517	1101.805409
5518	1101.780997
5519	1101.762174
5520	1101.738049
5521	1101.70958
5522	1101.685645
5523	1101.664706
5524	1101.640462
5525	1101.615817
5526	1101.597058
5527	1101.559997
5528	1101.540296
5529	1101.518407
5530	1101.491943
5531	1101.474425
5532	1101.452563
5533	1101.430744
5534	1101.408189
5535	1101.390507
5536	1101.365067
5537	1101.334034
5538	1101.304203
5539	1101.277288
5540	1101.252173
5541	1101.230125
5542	1101.203426
5543	1101.180868
5544	1101.159659
5545	1101.128127
5546	1101.103891
5547	1101.07891
5548	1101.06359
5549	1101.039158
5550	1101.01101
5551	1100.986086
5552	1100.961174
5553	1100.929217
5554	1100.901696
5555	1100.884123
5556	1100.868474
5557	1100.844821
5558	1100.820587
5559	1100.785332
5560	1100.760838
5561	1100.733615
5562	1100.715762
5563	1100.688109
5564	1100.654989
5565	1100.627434
5566	1100.602555
5567	1100.580997
5568	1100.562136
5569	1100.537807
5570	1100.518189
5571	1100.50089
5572	1100.478879
5573	1100.455
5574	1100.415014
5575	1100.395857
5576	1100.35968
5577	1100.327839
5578	1100.311006
5579	1100.285934
5580	1100.249758
5581	1100.227597
5582	1100.206869
5583	1100.185307
5584	1100.159541
5585	1100.138372
5586	1100.106034
5587	1100.084441
5588	1100.059316
5589	1100.037756
5590	1100.016523
5591	1099.9919
5592	1099.96422
5593	1099.940825
5594	1099.906344
5595	1099.881088
5596	1099.854779
5597	1099.825433
5598	1099.795877
5599	1099.773593
5600	1099.750828
5601	1099.723793
5602	1099.697371
5603	1099.677508
5604	1099.655366
5605	1099.62956
5606	1099.601177
5607	1099.579941
5608	1099.56389
5609	1099.536894
5610	1099.508132
5611	1099.472596
5612	1099.447875
5613	1099.420823
5614	1099.381551
5615	1099.355078
5616	1099.327714
5617	1099.304584
5618	1099.284251
5619	1099.265243
5620	1099.242506
5621	1099.216145
5622	1099.187823
5623	1099.161968
5624	1099.14124
5625	1099.120848
5626	1099.093503
5627	1099.075583
5628	1099.043395
5629	1099.019624
5630	1098.994465
5631	1098.970133
5632	1098.935625
5633	1098.920448
5634	1098.899015
5635	1098.87776
5636	1098.847794
5637	1098.831868
5638	1098.809897
5639	1098.790953
5640	1098.76962
5641	1098.750084
5642	1098.728957
5643	1098.708508
5644	1098.681103
5645	1098.656176
5646	1098.624747
5647	1098.598686
5648	1098.580844
5649	1098.555307
5650	1098.536657
5651	1098.507697
5652	1098.481698
5653	1098.456698
5654	1098.435122
5655	1098.405026
5656	1098.372089
5657	1098.352549
5658	1098.334966
5659	1098.305164
5660	1098.282621
5661	1098.253872
5662	1098.237081
5663	1098.217807
5664	1098.190018
5665	1098.171725
5666	1098.151853
5667	1098.121327
5668	1098.099144
5669	1098.073272
5670	1098.039959
5671	1098.012095
5672	1097.995911
5673	1097.972845
5674	1097.947473
5675	1097.918194
5676	1097.897239
5677	1097.875705
5678	1097.849296
5679	1097.827995
5680	1097.803044
5681	1097.777379
5682	1097.756692
5683	1097.733966
5684	1097.706548
5685	1097.676727
5686	1097.657384
5687	1097.62394
5688	1097.598868
5689	1097.569188
5690	1097.548183
5691	1097.52378
5692	1097.506013
5693	1097.485096
5694	1097.464201
5695	1097.441684
5696	1097.418237
5697	1097.397889
5698	1097.370789
5699	1097.34562
5700	1097.314235
5701	1097.286174
5702	1097.26553
5703	1097.244527
5704	1097.221755
5705	1097.201776
5706	1097.171494
5707	1097.142545
5708	1097.116728
5709	1097.091413
5710	1097.068807
5711	1097.041431
5712	1097.015935
5713	1096.990991
5714	1096.972046
5715	1096.951384
5716	1096.929694
5717	1096.906037
5718	1096.89107
5719	1096.873452
5720	1096.851203
5721	1096.821303
5722	1096.796357
5723	1096.779082
5724	1096.753511
5725	1096.731611
5726	1096.703989
5727	1096.675835
5728	1096.652248
5729	1096.621727
5730	1096.602185
5731	1096.583424
5732	1096.558733
5733	1096.534501
5734	1096.513589
5735	1096.485123
5736	1096.454739
5737	1096.426622
5738	1096.409053
5739	1096.389021
5740	1096.365771
5741	1096.342613
5742	1096.316198
5743	1096.297169
5744	1096.274912
5745	1096.250426
5746	1096.222615
5747	1096.204673
5748	1096.177176
5749	1096.156538
5750	1096.126414
5751	1096.102736
5752	1096.082853
5753	1096.054596
5754	1096.037198
5755	1096.002678
5756	1095.981286
5757	1095.95497
5758	1095.936054
5759	1095.906373
5760	1095.877734
5761	1095.849843
5762	1095.825953
5763	1095.811559
5764	1095.792455
5765	1095.772911
5766	1095.748329
5767	1095.723693
5768	1095.706042
5769	1095.678273
5770	1095.659351
5771	1095.64081
5772	1095.617258
5773	1095.594906
5774	1095.576626
5775	1095.550476
5776	1095.529047
5777	1095.506119
5778	1095.486541
5779	1095.460545
5780	1095.436335
5781	1095.416689
5782	1095.389165
5783	1095.368431
5784	1095.341709
5785	1095.324088
5786	1095.292946
5787	1095.268022
5788	1095.24536
5789	1095.211026
5790	1095.178539
5791	1095.160764
5792	1095.137806
5793	1095.11838
5794	1095.097414
5795	1095.075747
5796	1095.043454
5797	1095.018192
5798	1095.003342
5799	1094.976812
5800	1094.958707
5801	1094.934345
5802	1094.898973
5803	1094.881649
5804	1094.861934
5805	1094.840758
5806	1094.816169
5807	1094.78913
5808	1094.768693
5809	1094.746625
5810	1094.715511
5811	1094.689458
5812	1094.669421
5813	1094.646336
5814	1094.625943
5815	1094.605388
5816	1094.586906
5817	1094.569262
5818	1094.542063
5819	1094.516165
5820	1094.494525
5821	1094.471907
5822	1094.443711
5823	1094.415792
5824	1094.397074
5825	1094.378433
5826	1094.357314
5827	1094.339119
5828	1094.311572
5829	1094.291786
5830	1094.277682
5831	1094.261674
5832	1094.241751
5833	1094.217045
5834	1094.197152
5835	1094.172972
5836	1094.148042
5837	1094.127665
5838	1094.104236
5839	1094.082275
5840	1094.060206
5841	1094.043218
5842	1094.028188
5843	1093.998981
5844	1093.976558
5845	1093.957311
5846	1093.928165
5847	1093.899817
5848	1093.873395
5849	1093.842135
5850	1093.814257
5851	1093.787789
5852	1093.758799
5853	1093.73659
5854	1093.712858
5855	1093.689866
5856	1093.668003
5857	1093.648221
5858	1093.623161
5859	1093.604566
5860	1093.575166
5861	1093.551554
5862	1093.522469
5863	1093.500333
5864	1093.48113
5865	1093.457067
5866	1093.435857
5867	1093.419188
5868	1093.404054
5869	1093.386064
5870	1093.36561
5871	1093.343681
5872	1093.325321
5873	1093.306254
5874	1093.270666
5875	1093.245182
5876	1093.219621
5877	1093.199224
5878	1093.183811
5879	1093.16022
5880	1093.134165
5881	1093.104726
5882	1093.086195
5883	1093.06128
5884	1093.040945
5885	1093.01284
5886	1092.990397
5887	1092.972482
5888	1092.950737
5889	1092.92588
5890	1092.90204
5891	1092.873044
5892	1092.848397
5893	1092.823864
5894	1092.795342
5895	1092.767861
5896	1092.7464
5897	1092.725856
5898	1092.697666
5899	1092.669175
5900	1092.641843
5901	1092.622725
5902	1092.600217
5903	1092.581026
5904	1092.552833
5905	1092.522123
5906	1092.500899
5907	1092.479098
5908	1092.462167
5909	1092.43481
5910	1092.411416
5911	1092.389794
5912	1092.354283
5913	1092.330901
5914	1092.308051
5915	1092.273112
5916	1092.251542
5917	1092.224879
5918	1092.198872
5919	1092.177145
5920	1092.150674
5921	1092.13149
5922	1092.111262
5923	1092.095105
5924	1092.071067
5925	1092.048443
5926	1092.024943
5927	1091.999777
5928	1091.982403
5929	1091.956626
5930	1091.925303
5931	1091.905299
5932	1091.882728
5933	1091.866734
5934	1091.849956
5935	1091.829054
5936	1091.810931
5937	1091.789027
5938	1091.762321
5939	1091.74676
5940	1091.73102
5941	1091.70498
5942	1091.679497
5943	1091.656487
5944	1091.631695
5945	1091.608457
5946	1091.586938
5947	1091.557102
5948	1091.540388
5949	1091.519212
5950	1091.499065
5951	1091.475994
5952	1091.451718
5953	1091.428584
5954	1091.400971
5955	1091.372297
5956	1091.350439
5957	1091.324354
5958	1091.293741
5959	1091.272882
5960	1091.251098
5961	1091.236496
5962	1091.21895
5963	1091.184917
5964	1091.16375
5965	1091.142133
5966	1091.121171
5967	1091.093773
5968	1091.074743
5969	1091.055353
5970	1091.024796
5971	1090.997325
5972	1090.971949
5973	1090.949533
5974	1090.92882
5975	1090.907831
5976	1090.88413
5977	1090.865195
5978	1090.847749
5979	1090.822355
5980	1090.797727
5981	1090.776557
5982	1090.757261
5983	1090.740093
5984	1090.723576
5985	1090.708204
5986	1090.676399
5987	1090.659648
5988	1090.627649
5989	1090.602062
5990	1090.583149
5991	1090.565605
5992	1090.546555
5993	1090.528893
5994	1090.511597
5995	1090.482628
5996	1090.464106
5997	1090.44177
5998	1090.42471
5999	1090.401941
6000	1090.373529
6001	1090.357831
6002	1090.331355
6003	1090.30934
6004	1090.288044
6005	1090.274617
6006	1090.246703
6007	1090.223619
6008	1090.20328
6009	1090.180022
6010	1090.166009
6011	1090.141875
6012	1090.118192
6013	1090.100305
6014	1090.081952
6015	1090.055249
6016	1090.026125
6017	1090.012418
6018	1089.982071
6019	1089.967628
6020	1089.950903
6021	1089.920504
6022	1089.898727
6023	1089.878631
6024	1089.860572
6025	1089.840338
6026	1089.821042
6027	1089.793944
6028	1089.77967
6029	1089.756701
6030	1089.735133
6031	1089.715735
6032	1089.697902
6033	1089.680578
6034	1089.658992
6035	1089.643683
6036	1089.624688
6037	1089.598886
6038	1089.580718
6039	1089.549318
6040	1089.530967
6041	1089.512045
6042	1089.484097
6043	1089.457035
6044	1089.435812
6045	1089.42003
6046	1089.401986
6047	1089.375842
6048	1089.359741
6049	1089.346046
6050	1089.315209
6051	1089.299455
6052	1089.282325
6053	1089.263247
6054	1089.238964
6055	1089.219599
6056	1089.197052
6057	1089.182697
6058	1089.16126
6059	1089.133806
6060	1089.114361
6061	1089.097005
6062	1089.071288
6063	1089.050017
6064	1089.024795
6065	1089.005123
6066	1088.98395
6067	1088.96625
6068	1088.939827
6069	1088.923138
6070	1088.903879
6071	1088.88001
6072	1088.85289
6073	1088.834821
6074	1088.812325
6075	1088.788574
6076	1088.770755
6077	1088.74865
6078	1088.724351
6079	1088.70119
6080	1088.673507
6081	1088.650727
6082	1088.635652
6083	1088.620129
6084	1088.598282
6085	1088.577736
6086	1088.554393
6087	1088.527063
6088	1088.493464
6089	1088.477232
6090	1088.449839
6091	1088.426344
6092	1088.398471
6093	1088.369007
6094	1088.336397
6095	1088.313856
6096	1088.290231
6097	1088.2688
6098	1088.245913
6099	1088.221075
6100	1088.199246
6101	1088.172525
6102	1088.154954
6103	1088.129476
6104	1088.105553
6105	1088.088161
6106	1088.065694
6107	1088.043327
6108	1088.015401
6109	1087.994074
6110	1087.963512
6111	1087.942716
6112	1087.918404
6113	1087.896518
6114	1087.86971
6115	1087.851196
6116	1087.833313
6117	1087.81453
6118	1087.798078
6119	1087.777721
6120	1087.751296
6121	1087.735339
6122	1087.71516
6123	1087.695093
6124	1087.67379
6125	1087.658604
6126	1087.633463
6127	1087.615484
6128	1087.585797
6129	1087.563651
6130	1087.541308
6131	1087.520711
6132	1087.497734
6133	1087.475733
6134	1087.455837
6135	1087.435552
6136	1087.421166
6137	1087.402739
6138	1087.379595
6139	1087.36067
6140	1087.345762
6141	1087.328276
6142	1087.30294
6143	1087.283944
6144	1087.260961
6145	1087.234027
6146	1087.209817
6147	1087.192123
6148	1087.162227
6149	1087.144639
6150	1087.127055
6151	1087.112056
6152	1087.08973
6153	1087.070441
6154	1087.049429
6155	1087.032205
6156	1087.006994
6157	1086.990386
6158	1086.962708
6159	1086.941673
6160	1086.922328
6161	1086.905965
6162	1086.881059
6163	1086.858216
6164	1086.833371
6165	1086.809619
6166	1086.791005
6167	1086.775093
6168	1086.754609
6169	1086.731507
6170	1086.705669
6171	1086.687786
6172	1086.66725
6173	1086.643867
6174	1086.627729
6175	1086.606993
6176	1086.583946
6177	1086.558085
6178	1086.54439
6179	1086.522462
6180	1086.496373
6181	1086.481903
6182	1086.455603
6183	1086.428706
6184	1086.402794
6185	1086.382606
6186	1086.360749
6187	1086.341629
6188	1086.314536
6189	1086.298064
6190	1086.275273
6191	1086.250394
6192	1086.22681
6193	1086.200966
6194	1086.171506
6195	1086.158483
6196	1086.135941
6197	1086.118278
6198	1086.094262
6199	1086.079608
6200	1086.053164
6201	1086.035121
6202	1086.017291
6203	1085.995315
6204	1085.97337
6205	1085.952134
6206	1085.934285
6207	1085.914559
6208	1085.897174
6209	1085.877438
6210	1085.856848
6211	1085.825655
6212	1085.809555
6213	1085.79231
6214	1085.777329
6215	1085.745566
6216	1085.720427
6217	1085.700525
6218	1085.670489
6219	1085.645317
6220	1085.626944
6221	1085.604945
6222	1085.584834
6223	1085.563008
6224	1085.538245
6225	1085.516535
6226	1085.482025
6227	1085.459018
6228	1085.436109
6229	1085.415285
6230	1085.389827
6231	1085.374689
6232	1085.361632
6233	1085.343267
6234	1085.310237
6235	1085.287032
6236	1085.267703
6237	1085.248009
6238	1085.225724
6239	1085.203773
6240	1085.186697
6241	1085.169769
6242	1085.153646
6243	1085.137255
6244	1085.115531
6245	1085.098399
6246	1085.0743
6247	1085.062881
6248	1085.047036
6249	1085.034054
6250	1085.017858
6251	1084.99684
6252	1084.975296
6253	1084.949185
6254	1084.925152
6255	1084.903642
6256	1084.878221
6257	1084.858373
6258	1084.831159
6259	1084.810279
6260	1084.784905
6261	1084.759603
6262	1084.737431
6263	1084.718057
6264	1084.700318
6265	1084.681557
6266	1084.658825
6267	1084.628987
6268	1084.60836
6269	1084.585181
6270	1084.563427
6271	1084.546374
6272	1084.515974
6273	1084.492205
6274	1084.465538
6275	1084.444268
6276	1084.427966
6277	1084.406867
6278	1084.387598
6279	1084.367839
6280	1084.344578
6281	1084.324972
6282	1084.301709
6283	1084.280856
6284	1084.262036
6285	1084.243174
6286	1084.222975
6287	1084.205161
6288	1084.186165
6289	1084.162772
6290	1084.138658
6291	1084.119457
6292	1084.097475
6293	1084.073164
6294	1084.046874
6295	1084.025895
6296	1084.007713
6297	1083.988306
6298	1083.967343
6299	1083.945139
6300	1083.925669
6301	1083.902557
6302	1083.877192
6303	1083.851155
6304	1083.818926
6305	1083.798745
6306	1083.782998
6307	1083.761237
6308	1083.744098
6309	1083.717407
6310	1083.704224
6311	1083.67931
6312	1083.657922
6313	1083.633405
6314	1083.615687
6315	1083.596679
6316	1083.57152
6317	1083.556572
6318	1083.533948
6319	1083.515409
6320	1083.495532
6321	1083.475865
6322	1083.449717
6323	1083.42555
6324	1083.402881
6325	1083.381417
6326	1083.358334
6327	1083.337905
6328	1083.313327
6329	1083.297326
6330	1083.276743
6331	1083.261068
6332	1083.240169
6333	1083.219571
6334	1083.200475
6335	1083.175851
6336	1083.157885
6337	1083.133083
6338	1083.110335
6339	1083.093746
6340	1083.06836
6341	1083.052642
6342	1083.034064
6343	1083.011032
6344	1082.99884
6345	1082.983224
6346	1082.963343
6347	1082.940903
6348	1082.918968
6349	1082.903472
6350	1082.882347
6351	1082.864186
6352	1082.840765
6353	1082.824111
6354	1082.802578
6355	1082.779569
6356	1082.763791
6357	1082.750046
6358	1082.725637
6359	1082.701571
6360	1082.681591
6361	1082.663183
6362	1082.646613
6363	1082.634401
6364	1082.610633
6365	1082.591651
6366	1082.562264
6367	1082.540359
6368	1082.510222
6369	1082.491504
6370	1082.466981
6371	1082.446917
6372	1082.430329
6373	1082.418357
6374	1082.388762
6375	1082.365484
6376	1082.343219
6377	1082.317616
6378	1082.298744
6379	1082.277146
6380	1082.254097
6381	1082.240261
6382	1082.218262
6383	1082.193409
6384	1082.169224
6385	1082.152035
6386	1082.129349
6387	1082.104669
6388	1082.082175
6389	1082.061442
6390	1082.039055
6391	1082.02263
6392	1081.999694
6393	1081.985876
6394	1081.966745
6395	1081.953811
6396	1081.936949
6397	1081.916591
6398	1081.892789
6399	1081.877771
6400	1081.842385
6401	1081.821981
6402	1081.802838
6403	1081.784834
6404	1081.760893
6405	1081.734538
6406	1081.71314
6407	1081.687539
6408	1081.670659
6409	1081.652444
6410	1081.63479
6411	1081.610723
6412	1081.598631
6413	1081.573355
6414	1081.554791
6415	1081.539882
6416	1081.525848
6417	1081.507155
6418	1081.485409
6419	1081.466528
6420	1081.442997
6421	1081.419504
6422	1081.398397
6423	1081.385767
6424	1081.372547
6425	1081.34854
6426	1081.332892
6427	1081.313855
6428	1081.295426
6429	1081.278298
6430	1081.263711
6431	1081.236401
6432	1081.205186
6433	1081.185307
6434	1081.167677
6435	1081.148214
6436	1081.124895
6437	1081.099444
6438	1081.080429
6439	1081.065827
6440	1081.03819
6441	1081.018834
6442	1081.003765
6443	1080.978409
6444	1080.957196
6445	1080.938338
6446	1080.918892
6447	1080.901647
6448	1080.863609
6449	1080.844262
6450	1080.829087
6451	1080.812181
6452	1080.778497
6453	1080.759274
6454	1080.739869
6455	1080.715586
6456	1080.701066
6457	1080.678983
6458	1080.658032
6459	1080.643457
6460	1080.622839
6461	1080.598392
6462	1080.583399
6463	1080.565154
6464	1080.541579
6465	1080.526888
6466	1080.511635
6467	1080.489924
6468	1080.459962
6469	1080.44299
6470	1080.416904
6471	1080.400708
6472	1080.380891
6473	1080.356814
6474	1080.332058
6475	1080.311362
6476	1080.293377
6477	1080.272061
6478	1080.251027
6479	1080.235222
6480	1080.221501
6481	1080.202871
6482	1080.181348
6483	1080.16074
6484	1080.145552
6485	1080.117782
6486	1080.093143
6487	1080.078596
6488	1080.056993
6489	1080.035788
6490	1080.021179
6491	1079.998514
6492	1079.983513
6493	1079.966048
6494	1079.941886
6495	1079.919154
6496	1079.901342
6497	1079.874989
6498	1079.861034
6499	1079.845509
6500	1079.813891
6501	1079.792621
6502	1079.77541
6503	1079.75771
6504	1079.739514
6505	1079.71505
6506	1079.702834
6507	1079.677729
6508	1079.656271
6509	1079.631905
6510	1079.616378
6511	1079.599211
6512	1079.580722
6513	1079.556894
6514	1079.535943
6515	1079.517371
6516	1079.50222
6517	1079.482845
6518	1079.463589
6519	1079.4379
6520	1079.418126
6521	1079.39063
6522	1079.369354
6523	1079.355921
6524	1079.343004
6525	1079.324235
6526	1079.306278
6527	1079.290637
6528	1079.276274
6529	1079.254727
6530	1079.225072
6531	1079.198824
6532	1079.178731
6533	1079.161626
6534	1079.131456
6535	1079.117169
6536	1079.101876
6537	1079.074079
6538	1079.050003
6539	1079.032515
6540	1079.014836
6541	1078.991212
6542	1078.972135
6543	1078.956564
6544	1078.934127
6545	1078.913912
6546	1078.891201
6547	1078.875689
6548	1078.859554
6549	1078.837836
6550	1078.816775
6551	1078.795906
6552	1078.776004
6553	1078.759622
6554	1078.747259
6555	1078.723449
6556	1078.69798
6557	1078.67695
6558	1078.661251
6559	1078.648602
6560	1078.627342
6561	1078.607768
6562	1078.590586
6563	1078.574025
6564	1078.560369
6565	1078.538999
6566	1078.524921
6567	1078.506333
6568	1078.491665
6569	1078.472467
6570	1078.448746
6571	1078.430123
6572	1078.411987
6573	1078.396879
6574	1078.374978
6575	1078.346966
6576	1078.335397
6577	1078.317575
6578	1078.301239
6579	1078.28115
6580	1078.255731
6581	1078.237867
6582	1078.217472
6583	1078.196562
6584	1078.173899
6585	1078.151887
6586	1078.12567
6587	1078.109835
6588	1078.085486
6589	1078.06462
6590	1078.044999
6591	1078.024681
6592	1078.008312
6593	1077.98619
6594	1077.971923
6595	1077.947305
6596	1077.924925
6597	1077.907678
6598	1077.880884
6599	1077.858277
6600	1077.838317
6601	1077.817543
6602	1077.798989
6603	1077.776122
6604	1077.754944
6605	1077.740289
6606	1077.721714
6607	1077.699864
6608	1077.675162
6609	1077.657872
6610	1077.64002
6611	1077.616944
6612	1077.598629
6613	1077.580496
6614	1077.560455
6615	1077.545068
6616	1077.522538
6617	1077.506379
6618	1077.488519
6619	1077.464374
6620	1077.439904
6621	1077.412446
6622	1077.396125
6623	1077.37466
6624	1077.357514
6625	1077.337175
6626	1077.314602
6627	1077.290232
6628	1077.272814
6629	1077.257913
6630	1077.237388
6631	1077.220081
6632	1077.19741
6633	1077.183016
6634	1077.162892
6635	1077.14348
6636	1077.124142
6637	1077.105629
6638	1077.07192
6639	1077.052669
6640	1077.029703
6641	1077.011646
6642	1076.990763
6643	1076.977188
6644	1076.955633
6645	1076.937549
6646	1076.920638
6647	1076.895703
6648	1076.878792
6649	1076.858297
6650	1076.841484
6651	1076.819745
6652	1076.798985
6653	1076.781977
6654	1076.760577
6655	1076.746168
6656	1076.722135
6657	1076.702416
6658	1076.68632
6659	1076.669953
6660	1076.648979
6661	1076.625592
6662	1076.610559
6663	1076.591975
6664	1076.570439
6665	1076.553308
6666	1076.536279
6667	1076.517528
6668	1076.50538
6669	1076.493716
6670	1076.477311
6671	1076.45966
6672	1076.442127
6673	1076.429874
6674	1076.408566
6675	1076.385718
6676	1076.365479
6677	1076.34536
6678	1076.322066
6679	1076.304962
6680	1076.293511
6681	1076.272982
6682	1076.257597
6683	1076.23943
6684	1076.219285
6685	1076.197961
6686	1076.173672
6687	1076.159846
6688	1076.145109
6689	1076.127696
6690	1076.097787
6691	1076.078034
6692	1076.057168
6693	1076.037397
6694	1076.020996
6695	1075.998855
6696	1075.983196
6697	1075.965036
6698	1075.947172
6699	1075.921461
6700	1075.900525
6701	1075.881528
6702	1075.861066
6703	1075.84743
6704	1075.828406
6705	1075.816106
6706	1075.791019
6707	1075.772974
6708	1075.746904
6709	1075.730841
6710	1075.716739
6711	1075.699741
6712	1075.682621
6713	1075.666115
6714	1075.645132
6715	1075.624992
6716	1075.605104
6717	1075.588084
6718	1075.562613
6719	1075.535099
6720	1075.512277
6721	1075.494346
6722	1075.472216
6723	1075.45406
6724	1075.431325
6725	1075.408202
6726	1075.395175
6727	1075.375083
6728	1075.35428
6729	1075.342819
6730	1075.322275
6731	1075.302437
6732	1075.283373
6733	1075.269931
6734	1075.24972
6735	1075.231447
6736	1075.203388
6737	1075.186099
6738	1075.164487
6739	1075.149279
6740	1075.125814
6741	1075.106976
6742	1075.089108
6743	1075.073854
6744	1075.054435
6745	1075.037301
6746	1075.01918
6747	1075.002321
6748	1074.98187
6749	1074.970985
6750	1074.949957
6751	1074.938977
6752	1074.919755
6753	1074.90215
6754	1074.872711
6755	1074.859867
6756	1074.84211
6757	1074.8202
6758	1074.795154
6759	1074.773666
6760	1074.75074
6761	1074.736279
6762	1074.710398
6763	1074.693023
6764	1074.67054
6765	1074.654377
6766	1074.637547
6767	1074.618934
6768	1074.598036
6769	1074.581392
6770	1074.565631
6771	1074.542583
6772	1074.523257
6773	1074.507292
6774	1074.493194
6775	1074.470034
6776	1074.454464
6777	1074.433761
6778	1074.415933
6779	1074.39656
6780	1074.385238
6781	1074.3736
6782	1074.360103
6783	1074.342265
6784	1074.321075
6785	1074.311488
6786	1074.292841
6787	1074.277705
6788	1074.257969
6789	1074.2467
6790	1074.226796
6791	1074.204657
6792	1074.190559
6793	1074.166187
6794	1074.144547
6795	1074.12792
6796	1074.10608
6797	1074.082814
6798	1074.069102
6799	1074.049479
6800	1074.029796
6801	1074.010745
6802	1073.991732
6803	1073.969164
6804	1073.950244
6805	1073.934781
6806	1073.913297
6807	1073.895749
6808	1073.87144
6809	1073.855741
6810	1073.830622
6811	1073.811986
6812	1073.799215
6813	1073.775998
6814	1073.758181
6815	1073.740328
6816	1073.721226
6817	1073.700691
6818	1073.683917
6819	1073.663317
6820	1073.645156
6821	1073.628361
6822	1073.610154
6823	1073.594449
6824	1073.573752
6825	1073.545233
6826	1073.527552
6827	1073.511719
6828	1073.496613
6829	1073.479294
6830	1073.461481
6831	1073.44818
6832	1073.432721
6833	1073.410933
6834	1073.398259
6835	1073.375211
6836	1073.35943
6837	1073.346065
6838	1073.326149
6839	1073.309561
6840	1073.291088
6841	1073.274547
6842	1073.252365
6843	1073.24007
6844	1073.215463
6845	1073.201228
6846	1073.185484
6847	1073.170721
6848	1073.150912
6849	1073.132964
6850	1073.116748
6851	1073.096496
6852	1073.081728
6853	1073.068239
6854	1073.052186
6855	1073.03451
6856	1073.019466
6857	1073.001657
6858	1072.97693
6859	1072.956622
6860	1072.937755
6861	1072.92371
6862	1072.906332
6863	1072.891511
6864	1072.868589
6865	1072.846838
6866	1072.837926
6867	1072.821245
6868	1072.805013
6869	1072.790915
6870	1072.772503
6871	1072.757848
6872	1072.742173
6873	1072.727751
6874	1072.707794
6875	1072.690617
6876	1072.673875
6877	1072.656495
6878	1072.626115
6879	1072.609186
6880	1072.586213
6881	1072.562732
6882	1072.54481
6883	1072.527291
6884	1072.500901
6885	1072.478995
6886	1072.456928
6887	1072.433963
6888	1072.414248
6889	1072.404811
6890	1072.382142
6891	1072.363184
6892	1072.347428
6893	1072.330174
6894	1072.314662
6895	1072.295155
6896	1072.274081
6897	1072.256537
6898	1072.241013
6899	1072.216667
6900	1072.197686
6901	1072.173597
6902	1072.155473
6903	1072.146089
6904	1072.131767
6905	1072.115362
6906	1072.094732
6907	1072.076305
6908	1072.048075
6909	1072.03162
6910	1072.007727
6911	1071.986849
6912	1071.971456
6913	1071.95403
6914	1071.937466
6915	1071.921428
6916	1071.8983
6917	1071.881161
6918	1071.86465
6919	1071.842753
6920	1071.829061
6921	1071.815546
6922	1071.803218
6923	1071.784569
6924	1071.765222
6925	1071.744338
6926	1071.725962
6927	1071.709451
6928	1071.700149
6929	1071.680191
6930	1071.667027
6931	1071.647165
6932	1071.630352
6933	1071.607817
6934	1071.588321
6935	1071.572735
6936	1071.550515
6937	1071.533519
6938	1071.515589
6939	1071.483985
6940	1071.466941
6941	1071.452265
6942	1071.442861
6943	1071.431383
6944	1071.417421
6945	1071.401333
6946	1071.3832
6947	1071.371826
6948	1071.356587
6949	1071.334886
6950	1071.314098
6951	1071.303418
6952	1071.285486
6953	1071.264969
6954	1071.243242
6955	1071.221487
6956	1071.205936
6957	1071.191185
6958	1071.170747
6959	1071.15084
6960	1071.130808
6961	1071.10967
6962	1071.094573
6963	1071.080306
6964	1071.05778
6965	1071.027952
6966	1071.014313
6967	1070.999213
6968	1070.979896
6969	1070.958081
6970	1070.934617
6971	1070.918208
6972	1070.886077
6973	1070.866545
6974	1070.8516
6975	1070.837249
6976	1070.821593
6977	1070.799219
6978	1070.787899
6979	1070.769387
6980	1070.751451
6981	1070.737285
6982	1070.721793
6983	1070.707684
6984	1070.682106
6985	1070.653507
6986	1070.632763
6987	1070.617451
6988	1070.601405
6989	1070.584032
6990	1070.572383
6991	1070.560928
6992	1070.539695
6993	1070.519449
6994	1070.504588
6995	1070.487908
6996	1070.472128
6997	1070.453401
6998	1070.441269
6999	1070.426927
7000	1070.412316
7001	1070.392356
7002	1070.374516
7003	1070.357515
7004	1070.340121
7005	1070.322889
7006	1070.314917
7007	1070.298272
7008	1070.28232
7009	1070.258227
7010	1070.235861
7011	1070.217935
7012	1070.205531
7013	1070.188683
7014	1070.172528
7015	1070.161364
7016	1070.142414
7017	1070.122534
7018	1070.108113
7019	1070.091718
7020	1070.073837
7021	1070.054618
7022	1070.03975
7023	1070.028249
7024	1070.005379
7025	1069.988609
7026	1069.971452
7027	1069.945741
7028	1069.932301
7029	1069.916123
7030	1069.897283
7031	1069.883103
7032	1069.867808
7033	1069.855396
7034	1069.839757
7035	1069.824925
7036	1069.809115
7037	1069.780908
7038	1069.763353
7039	1069.740972
7040	1069.718256
7041	1069.699984
7042	1069.691174
7043	1069.669161
7044	1069.647391
7045	1069.626067
7046	1069.611234
7047	1069.591755
7048	1069.573624
7049	1069.553937
7050	1069.535292
7051	1069.521934
7052	1069.500607
7053	1069.474025
7054	1069.449661
7055	1069.427977
7056	1069.408609
7057	1069.390628
7058	1069.364648
7059	1069.350075
7060	1069.33643
7061	1069.313488
7062	1069.296345
7063	1069.26678
7064	1069.252084
7065	1069.236135
7066	1069.21855
7067	1069.203089
7068	1069.183637
7069	1069.163225
7070	1069.142096
7071	1069.122235
7072	1069.100829
7073	1069.0849
7074	1069.069999
7075	1069.054253
7076	1069.034154
7077	1069.016239
7078	1068.991086
7079	1068.974944
7080	1068.957741
7081	1068.945361
7082	1068.924314
7083	1068.910677
7084	1068.894002
7085	1068.88169
7086	1068.866846
7087	1068.852275
7088	1068.843381
7089	1068.819345
7090	1068.798741
7091	1068.785953
7092	1068.768818
7093	1068.745865
7094	1068.732474
7095	1068.715021
7096	1068.702291
7097	1068.68679
7098	1068.669317
7099	1068.658445
7100	1068.642667
7101	1068.632665
7102	1068.61149
7103	1068.590359
7104	1068.566939
7105	1068.550148
7106	1068.535186
7107	1068.509451
7108	1068.493582
7109	1068.473091
7110	1068.449271
7111	1068.432877
7112	1068.413913
7113	1068.390095
7114	1068.37487
7115	1068.362898
7116	1068.352594
7117	1068.335997
7118	1068.313874
7119	1068.298306
7120	1068.279315
7121	1068.263212
7122	1068.241776
7123	1068.233296
7124	1068.216002
7125	1068.202392
7126	1068.182189
7127	1068.169996
7128	1068.153882
7129	1068.142644
7130	1068.127077
7131	1068.110428
7132	1068.086788
7133	1068.06923
7134	1068.04987
7135	1068.029825
7136	1068.016334
7137	1068.003681
7138	1067.99256
7139	1067.976707
7140	1067.958533
7141	1067.943174
7142	1067.931092
7143	1067.917088
7144	1067.905164
7145	1067.89229
7146	1067.883368
7147	1067.87167
7148	1067.848363
7149	1067.83163
7150	1067.819757
7151	1067.8015
7152	1067.784743
7153	1067.770363
7154	1067.759149
7155	1067.739986
7156	1067.722673
7157	1067.707279
7158	1067.689964
7159	1067.677189
7160	1067.663366
7161	1067.64518
7162	1067.631172
7163	1067.612342
7164	1067.60062
7165	1067.58651
7166	1067.573494
7167	1067.551461
7168	1067.539858
7169	1067.527956
7170	1067.508022
7171	1067.488419
7172	1067.473859
7173	1067.46177
7174	1067.450653
7175	1067.437375
7176	1067.419319
7177	1067.405741
7178	1067.394588
7179	1067.37096
7180	1067.355634
7181	1067.334813
7182	1067.31683
7183	1067.295288
7184	1067.281999
7185	1067.266928
7186	1067.253496
7187	1067.241351
7188	1067.22207
7189	1067.205119
7190	1067.19188
7191	1067.177609
7192	1067.155567
7193	1067.140729
7194	1067.120676
7195	1067.106665
7196	1067.08955
7197	1067.077327
7198	1067.059233
7199	1067.037868
7200	1067.021197
7201	1067.004394
7202	1066.988667
7203	1066.970082
7204	1066.942863
7205	1066.923945
7206	1066.904499
7207	1066.884057
7208	1066.867383
7209	1066.844979
7210	1066.828564
7211	1066.803639
7212	1066.785202
7213	1066.775756
7214	1066.753718
7215	1066.733831
7216	1066.719592
7217	1066.704184
7218	1066.689947
7219	1066.677103
7220	1066.663058
7221	1066.6434
7222	1066.629868
7223	1066.612409
7224	1066.599918
7225	1066.584416
7226	1066.566014
7227	1066.547836
7228	1066.53212
7229	1066.516142
7230	1066.501652
7231	1066.477298
7232	1066.459452
7233	1066.438851
7234	1066.420408
7235	1066.407722
7236	1066.388715
7237	1066.372024
7238	1066.356646
7239	1066.335926
7240	1066.319539
7241	1066.301435
7242	1066.28244
7243	1066.266299
7244	1066.248276
7245	1066.235191
7246	1066.224869
7247	1066.208767
7248	1066.192863
7249	1066.173825
7250	1066.156305
7251	1066.1417
7252	1066.125213
7253	1066.105577
7254	1066.089871
7255	1066.069898
7256	1066.055308
7257	1066.042071
7258	1066.025926
7259	1066.005424
7260	1065.989421
7261	1065.972581
7262	1065.953214
7263	1065.93159
7264	1065.916324
7265	1065.903808
7266	1065.886497
7267	1065.864539
7268	1065.846919
7269	1065.826113
7270	1065.807053
7271	1065.798437
7272	1065.781761
7273	1065.766602
7274	1065.746996
7275	1065.72418
7276	1065.697356
7277	1065.683552
7278	1065.664046
7279	1065.643054
7280	1065.632998
7281	1065.619468
7282	1065.60068
7283	1065.586239
7284	1065.571059
7285	1065.557518
7286	1065.545062
7287	1065.528955
7288	1065.509577
7289	1065.493461
7290	1065.481858
7291	1065.469309
7292	1065.448758
7293	1065.422795
7294	1065.404641
7295	1065.386203
7296	1065.370097
7297	1065.356648
7298	1065.338211
7299	1065.324954
7300	1065.311343
7301	1065.293322
7302	1065.269439
7303	1065.24519
7304	1065.229228
7305	1065.20795
7306	1065.190516
7307	1065.174709
7308	1065.16074
7309	1065.137126
7310	1065.118707
7311	1065.098854
7312	1065.076407
7313	1065.062947
7314	1065.0507
7315	1065.03716
7316	1065.020259
7317	1065.011784
7318	1064.996618
7319	1064.978075
7320	1064.9596
7321	1064.946929
7322	1064.932694
7323	1064.918133
7324	1064.901922
7325	1064.884716
7326	1064.867869
7327	1064.845961
7328	1064.823259
7329	1064.804871
7330	1064.786611
7331	1064.774122
7332	1064.757829
7333	1064.739703
7334	1064.718565
7335	1064.704959
7336	1064.69549
7337	1064.679509
7338	1064.659964
7339	1064.643687
7340	1064.627036
7341	1064.610774
7342	1064.594496
7343	1064.582784
7344	1064.568376
7345	1064.551222
7346	1064.538064
7347	1064.519533
7348	1064.503858
7349	1064.487125
7350	1064.473553
7351	1064.457842
7352	1064.447029
7353	1064.432293
7354	1064.411661
7355	1064.398455
7356	1064.379682
7357	1064.371407
7358	1064.351477
7359	1064.332182
7360	1064.319034
7361	1064.301185
7362	1064.283287
7363	1064.265301
7364	1064.252728
7365	1064.234699
7366	1064.215955
7367	1064.196404
7368	1064.182031
7369	1064.163847
7370	1064.139308
7371	1064.126229
7372	1064.111186
7373	1064.103628
7374	1064.087187
7375	1064.067051
7376	1064.051234
7377	1064.036942
7378	1064.025115
7379	1064.000619
7380	1063.975631
7381	1063.949607
7382	1063.931406
7383	1063.912723
7384	1063.901644
7385	1063.887698
7386	1063.868859
7387	1063.855154
7388	1063.84155
7389	1063.822331
7390	1063.808537
7391	1063.795591
7392	1063.77483
7393	1063.754217
7394	1063.737849
7395	1063.720409
7396	1063.702509
7397	1063.686172
7398	1063.668392
7399	1063.651402
7400	1063.639203
7401	1063.621476
7402	1063.601994
7403	1063.58254
7404	1063.565148
7405	1063.547045
7406	1063.530046
7407	1063.510002
7408	1063.48548
7409	1063.463306
7410	1063.448848
7411	1063.435445
7412	1063.422707
7413	1063.405916
7414	1063.387256
7415	1063.362323
7416	1063.34785
7417	1063.328382
7418	1063.314669
7419	1063.300965
7420	1063.287233
7421	1063.267887
7422	1063.2517
7423	1063.240253
7424	1063.218583
7425	1063.203938
7426	1063.192546
7427	1063.174358
7428	1063.156797
7429	1063.147074
7430	1063.130367
7431	1063.117276
7432	1063.099221
7433	1063.084608
7434	1063.067717
7435	1063.052517
7436	1063.039802
7437	1063.032562
7438	1063.01304
7439	1062.990847
7440	1062.967691
7441	1062.949037
7442	1062.93138
7443	1062.915815
7444	1062.898206
7445	1062.880921
7446	1062.86658
7447	1062.851208
7448	1062.834146
7449	1062.814865
7450	1062.799101
7451	1062.7834
7452	1062.767089
7453	1062.749128
7454	1062.735698
7455	1062.715585
7456	1062.69796
7457	1062.681128
7458	1062.666445
7459	1062.650225
7460	1062.631883
7461	1062.613395
7462	1062.59994
7463	1062.580359
7464	1062.560769
7465	1062.536021
7466	1062.525398
7467	1062.509163
7468	1062.486282
7469	1062.466782
7470	1062.454029
7471	1062.434168
7472	1062.420007
7473	1062.402389
7474	1062.386362
7475	1062.373993
7476	1062.355497
7477	1062.343699
7478	1062.329555
7479	1062.30723
7480	1062.289353
7481	1062.266802
7482	1062.252573
7483	1062.237254
7484	1062.221651
7485	1062.211128
7486	1062.199372
7487	1062.189204
7488	1062.175155
7489	1062.155584
7490	1062.147007
7491	1062.134065
7492	1062.118067
7493	1062.105699
7494	1062.089909
7495	1062.074213
7496	1062.058054
7497	1062.050727
7498	1062.035235
7499	1062.017467
7500	1061.998316
7501	1061.98481
7502	1061.968977
7503	1061.949497
7504	1061.934263
7505	1061.919528
7506	1061.900043
7507	1061.891226
7508	1061.875972
7509	1061.860829
7510	1061.842481
7511	1061.824928
7512	1061.805047
7513	1061.78678
7514	1061.771518
7515	1061.754469
7516	1061.739117
7517	1061.721216
7518	1061.704595
7519	1061.689035
7520	1061.675589
7521	1061.664002
7522	1061.640547
7523	1061.62281
7524	1061.606724
7525	1061.594004
7526	1061.582384
7527	1061.556723
7528	1061.533489
7529	1061.520169
7530	1061.500345
7531	1061.48148
7532	1061.455124
7533	1061.44153
7534	1061.419839
7535	1061.403805
7536	1061.388115
7537	1061.369224
7538	1061.353188
7539	1061.337835
7540	1061.32029
7541	1061.305178
7542	1061.289363
7543	1061.272857
7544	1061.263053
7545	1061.248422
7546	1061.230641
7547	1061.218543
7548	1061.208692
7549	1061.191196
7550	1061.182825
7551	1061.172991
7552	1061.15272
7553	1061.141483
7554	1061.126058
7555	1061.108218
7556	1061.087183
7557	1061.078254
7558	1061.063625
7559	1061.052686
7560	1061.032341
7561	1061.016828
7562	1061.003047
7563	1060.990851
7564	1060.978174
7565	1060.962662
7566	1060.947107
7567	1060.928705
7568	1060.906943
7569	1060.884659
7570	1060.870476
7571	1060.849621
7572	1060.837759
7573	1060.826532
7574	1060.805361
7575	1060.793485
7576	1060.777382
7577	1060.762975
7578	1060.744771
7579	1060.72831
7580	1060.717104
7581	1060.696324
7582	1060.68198
7583	1060.663767
7584	1060.653366
7585	1060.635587
7586	1060.617437
7587	1060.600541
7588	1060.585454
7589	1060.566074
7590	1060.554188
7591	1060.53498
7592	1060.517161
7593	1060.499067
7594	1060.479278
7595	1060.464828
7596	1060.448561
7597	1060.436428
7598	1060.417383
7599	1060.409953
7600	1060.39507
7601	1060.378648
7602	1060.366398
7603	1060.350267
7604	1060.335837
7605	1060.320125
7606	1060.306165
7607	1060.292831
7608	1060.275701
7609	1060.254246
7610	1060.241067
7611	1060.225488
7612	1060.20344
7613	1060.187104
7614	1060.173261
7615	1060.156847
7616	1060.134568
7617	1060.120249
7618	1060.100916
7619	1060.08913
7620	1060.072271
7621	1060.05331
7622	1060.03781
7623	1060.017722
7624	1059.999915
7625	1059.984574
7626	1059.967272
7627	1059.948618
7628	1059.934006
7629	1059.914808
7630	1059.895649
7631	1059.881064
7632	1059.861369
7633	1059.841649
7634	1059.828098
7635	1059.808509
7636	1059.794474
7637	1059.784434
7638	1059.767599
7639	1059.753581
7640	1059.72873
7641	1059.71534
7642	1059.702172
7643	1059.69259
7644	1059.676525
7645	1059.664852
7646	1059.654564
7647	1059.637189
7648	1059.620124
7649	1059.605748
7650	1059.586746
7651	1059.571299
7652	1059.555041
7653	1059.542532
7654	1059.522199
7655	1059.505677
7656	1059.490167
7657	1059.469816
7658	1059.460493
7659	1059.443029
7660	1059.423732
7661	1059.400026
7662	1059.386236
7663	1059.373185
7664	1059.355772
7665	1059.339553
7666	1059.327315
7667	1059.315551
7668	1059.303901
7669	1059.286745
7670	1059.271843
7671	1059.253033
7672	1059.237813
7673	1059.220445
7674	1059.203776
7675	1059.186848
7676	1059.174358
7677	1059.160041
7678	1059.143327
7679	1059.130763
7680	1059.109343
7681	1059.088825
7682	1059.073709
7683	1059.057512
7684	1059.045318
7685	1059.030225
7686	1059.017408
7687	1059.000588
7688	1058.988321
7689	1058.971893
7690	1058.963983
7691	1058.949205
7692	1058.932449
7693	1058.916532
7694	1058.899988
7695	1058.8867
7696	1058.87519
7697	1058.86158
7698	1058.847006
7699	1058.824095
7700	1058.807628
7701	1058.789804
7702	1058.773933
7703	1058.761111
7704	1058.741788
7705	1058.725148
7706	1058.712816
7707	1058.696755
7708	1058.684169
7709	1058.66527
7710	1058.642337
7711	1058.623054
7712	1058.611613
7713	1058.598516
7714	1058.58836
7715	1058.570145
7716	1058.555978
7717	1058.53948
7718	1058.525488
7719	1058.509545
7720	1058.489005
7721	1058.47661
7722	1058.458364
7723	1058.439303
7724	1058.422516
7725	1058.408744
7726	1058.396218
7727	1058.376676
7728	1058.362741
7729	1058.348497
7730	1058.334755
7731	1058.316039
7732	1058.302387
7733	1058.283957
7734	1058.270402
7735	1058.251115
7736	1058.233092
7737	1058.216095
7738	1058.202042
7739	1058.178444
7740	1058.167063
7741	1058.153911
7742	1058.139026
7743	1058.124501
7744	1058.099933
7745	1058.088223
7746	1058.073387
7747	1058.060209
7748	1058.049342
7749	1058.034694
7750	1058.02292
7751	1058.011786
7752	1058.000254
7753	1057.976038
7754	1057.961587
7755	1057.951293
7756	1057.937985
7757	1057.914735
7758	1057.89735
7759	1057.885065
7760	1057.872167
7761	1057.859446
7762	1057.844972
7763	1057.835174
7764	1057.816148
7765	1057.792722
7766	1057.776716
7767	1057.761594
7768	1057.753185
7769	1057.737486
7770	1057.721885
7771	1057.707971
7772	1057.688365
7773	1057.66991
7774	1057.653835
7775	1057.640145
7776	1057.634602
7777	1057.621924
7778	1057.604512
7779	1057.586417
7780	1057.575353
7781	1057.561573
7782	1057.541833
7783	1057.525745
7784	1057.512987
7785	1057.49748
7786	1057.482776
7787	1057.466687
7788	1057.448172
7789	1057.43281
7790	1057.408388
7791	1057.387704
7792	1057.372888
7793	1057.361817
7794	1057.345009
7795	1057.326097
7796	1057.309715
7797	1057.299086
7798	1057.280153
7799	1057.263655
7800	1057.239811
7801	1057.224585
7802	1057.209566
7803	1057.195254
7804	1057.171726
7805	1057.158829
7806	1057.142835
7807	1057.122476
7808	1057.111094
7809	1057.087742
7810	1057.078579
7811	1057.062369
7812	1057.049794
7813	1057.034648
7814	1057.019817
7815	1057.008074
7816	1056.990907
7817	1056.971825
7818	1056.954139
7819	1056.925975
7820	1056.910638
7821	1056.897262
7822	1056.877251
7823	1056.861703
7824	1056.854151
7825	1056.846
7826	1056.828421
7827	1056.808954
7828	1056.784951
7829	1056.756549
7830	1056.736941
7831	1056.722665
7832	1056.706363
7833	1056.691878
7834	1056.680441
7835	1056.661153
7836	1056.648535
7837	1056.636022
7838	1056.626353
7839	1056.605099
7840	1056.581652
7841	1056.560372
7842	1056.549225
7843	1056.537615
7844	1056.526118
7845	1056.508457
7846	1056.491389
7847	1056.472239
7848	1056.456542
7849	1056.445642
7850	1056.430804
7851	1056.414463
7852	1056.402087
7853	1056.389293
7854	1056.375003
7855	1056.359414
7856	1056.347208
7857	1056.332818
7858	1056.316013
7859	1056.299298
7860	1056.284284
7861	1056.270642
7862	1056.258893
7863	1056.239179
7864	1056.2259
7865	1056.206182
7866	1056.191342
7867	1056.182236
7868	1056.164575
7869	1056.151016
7870	1056.141292
7871	1056.131255
7872	1056.11686
7873	1056.10364
7874	1056.085697
7875	1056.06814
7876	1056.056787
7877	1056.040921
7878	1056.02224
7879	1056.005726
7880	1055.990825
7881	1055.976633
7882	1055.963263
7883	1055.951527
7884	1055.93838
7885	1055.92032
7886	1055.904916
7887	1055.885253
7888	1055.869901
7889	1055.848885
7890	1055.838042
7891	1055.820098
7892	1055.805725
7893	1055.791227
7894	1055.773996
7895	1055.762479
7896	1055.74985
7897	1055.734418
7898	1055.719358
7899	1055.701889
7900	1055.68854
7901	1055.673552
7902	1055.6623
7903	1055.643542
7904	1055.628007
7905	1055.612843
7906	1055.606741
7907	1055.589988
7908	1055.567341
7909	1055.54746
7910	1055.536812
7911	1055.517507
7912	1055.508967
7913	1055.496474
7914	1055.47867
7915	1055.46998
7916	1055.453018
7917	1055.441337
7918	1055.429158
7919	1055.406693
7920	1055.390804
7921	1055.372542
7922	1055.358434
7923	1055.344267
7924	1055.33182
7925	1055.31432
7926	1055.300451
7927	1055.280464
7928	1055.260232
7929	1055.247754
7930	1055.234322
7931	1055.215143
7932	1055.202687
7933	1055.191432
7934	1055.172556
7935	1055.147337
7936	1055.133584
7937	1055.114379
7938	1055.095953
7939	1055.079483
7940	1055.066152
7941	1055.053403
7942	1055.038573
7943	1055.028044
7944	1055.013659
7945	1055.000487
7946	1054.984084
7947	1054.970083
7948	1054.953782
7949	1054.94369
7950	1054.930201
7951	1054.91887
7952	1054.906799
7953	1054.883464
7954	1054.864763
7955	1054.849689
7956	1054.832672
7957	1054.818973
7958	1054.804939
7959	1054.792339
7960	1054.775345
7961	1054.761919
7962	1054.748309
7963	1054.73222
7964	1054.721081
7965	1054.708181
7966	1054.694309
7967	1054.679923
7968	1054.666695
7969	1054.648374
7970	1054.633043
7971	1054.614232
7972	1054.599449
7973	1054.592403
7974	1054.579147
7975	1054.565206
7976	1054.553008
7977	1054.535631
7978	1054.523546
7979	1054.508419
7980	1054.493463
7981	1054.477697
7982	1054.463887
7983	1054.44639
7984	1054.434074
7985	1054.417593
7986	1054.403217
7987	1054.385483
7988	1054.367585
7989	1054.358083
7990	1054.344137
7991	1054.327714
7992	1054.313888
7993	1054.297878
7994	1054.282977
7995	1054.262059
7996	1054.244446
7997	1054.226016
7998	1054.212155
7999	1054.201745
8000	1054.185852
8001	1054.172787
8002	1054.161273
8003	1054.142391
8004	1054.126013
8005	1054.108803
8006	1054.095385
8007	1054.078042
8008	1054.06483
8009	1054.044641
8010	1054.032386
8011	1054.017085
8012	1054.002874
8013	1053.990482
8014	1053.979537
8015	1053.959842
8016	1053.941855
8017	1053.924814
8018	1053.905518
8019	1053.887996
8020	1053.866733
8021	1053.848517
8022	1053.834359
8023	1053.819463
8024	1053.806429
8025	1053.796682
8026	1053.782319
8027	1053.767171
8028	1053.75241
8029	1053.730647
8030	1053.712545
8031	1053.694445
8032	1053.677723
8033	1053.65995
8034	1053.645876
8035	1053.628132
8036	1053.610067
8037	1053.593853
8038	1053.579936
8039	1053.560478
8040	1053.547308
8041	1053.532337
8042	1053.51956
8043	1053.504602
8044	1053.491157
8045	1053.476253
8046	1053.461316
8047	1053.442219
8048	1053.431868
8049	1053.417821
8050	1053.402255
8051	1053.39014
8052	1053.373965
8053	1053.363424
8054	1053.3472
8055	1053.330545
8056	1053.320683
8057	1053.304172
8058	1053.292825
8059	1053.279644
8060	1053.260122
8061	1053.240204
8062	1053.228478
8063	1053.21861
8064	1053.203583
8065	1053.196144
8066	1053.186093
8067	1053.167815
8068	1053.157047
8069	1053.139356
8070	1053.125968
8071	1053.110836
8072	1053.09705
8073	1053.079843
8074	1053.063623
8075	1053.048241
8076	1053.036182
8077	1053.017468
8078	1053.007192
8079	1052.993363
8080	1052.976489
8081	1052.963693
8082	1052.94026
8083	1052.92616
8084	1052.904162
8085	1052.880948
8086	1052.860395
8087	1052.848849
8088	1052.834532
8089	1052.823219
8090	1052.806294
8091	1052.794988
8092	1052.778688
8093	1052.765954
8094	1052.753679
8095	1052.738522
8096	1052.725856
8097	1052.716376
8098	1052.702042
8099	1052.686611
8100	1052.672671
8101	1052.656834
8102	1052.648547
8103	1052.639179
8104	1052.624279
8105	1052.613751
8106	1052.603437
8107	1052.588079
8108	1052.572505
8109	1052.555565
8110	1052.538752
8111	1052.528459
8112	1052.516928
8113	1052.505825
8114	1052.491225
8115	1052.478936
8116	1052.470595
8117	1052.451538
8118	1052.437312
8119	1052.424608
8120	1052.41001
8121	1052.402036
8122	1052.38724
8123	1052.371
8124	1052.354163
8125	1052.33648
8126	1052.321994
8127	1052.298694
8128	1052.285678
8129	1052.273076
8130	1052.258414
8131	1052.249623
8132	1052.235854
8133	1052.219524
8134	1052.205809
8135	1052.195423
8136	1052.183853
8137	1052.174542
8138	1052.159519
8139	1052.150149
8140	1052.136971
8141	1052.127813
8142	1052.113835
8143	1052.099025
8144	1052.082557
8145	1052.069043
8146	1052.060586
8147	1052.043443
8148	1052.028039
8149	1052.004888
8150	1051.994802
8151	1051.984861
8152	1051.972118
8153	1051.959122
8154	1051.947023
8155	1051.939087
8156	1051.928412
8157	1051.915628
8158	1051.903496
8159	1051.893141
8160	1051.881905
8161	1051.867732
8162	1051.851923
8163	1051.8364
8164	1051.823044
8165	1051.81
8166	1051.791179
8167	1051.778281
8168	1051.76293
8169	1051.74259
8170	1051.724212
8171	1051.7007
8172	1051.688351
8173	1051.674199
8174	1051.659718
8175	1051.643438
8176	1051.627602
8177	1051.616616
8178	1051.604737
8179	1051.588884
8180	1051.57738
8181	1051.564204
8182	1051.548674
8183	1051.534702
8184	1051.527357
8185	1051.51211
8186	1051.499764
8187	1051.47671
8188	1051.459535
8189	1051.446203
8190	1051.438204
8191	1051.418422
8192	1051.40366
8193	1051.39168
8194	1051.381335
8195	1051.36989
8196	1051.354314
8197	1051.342003
8198	1051.329993
8199	1051.318562
8200	1051.30708
8201	1051.292538
8202	1051.27967
8203	1051.266916
8204	1051.252528
8205	1051.241263
8206	1051.229487
8207	1051.216725
8208	1051.207078
8209	1051.191157
8210	1051.17787
8211	1051.16699
8212	1051.146202
8213	1051.136196
8214	1051.120469
8215	1051.106536
8216	1051.093971
8217	1051.075839
8218	1051.063529
8219	1051.048317
8220	1051.032576
8221	1051.01723
8222	1051.009057
8223	1050.99095
8224	1050.976564
8225	1050.968573
8226	1050.961012
8227	1050.947577
8228	1050.934638
8229	1050.923752
8230	1050.901756
8231	1050.889968
8232	1050.878401
8233	1050.867915
8234	1050.859843
8235	1050.841469
8236	1050.829902
8237	1050.818594
8238	1050.801128
8239	1050.788123
8240	1050.775457
8241	1050.757222
8242	1050.739342
8243	1050.728016
8244	1050.71777
8245	1050.706572
8246	1050.691245
8247	1050.675868
8248	1050.659532
8249	1050.644622
8250	1050.636298
8251	1050.619375
8252	1050.603195
8253	1050.591227
8254	1050.566683
8255	1050.554993
8256	1050.544251
8257	1050.534529
8258	1050.523341
8259	1050.512557
8260	1050.502894
8261	1050.492797
8262	1050.477645
8263	1050.463927
8264	1050.450465
8265	1050.444149
8266	1050.434182
8267	1050.421325
8268	1050.409052
8269	1050.394206
8270	1050.380557
8271	1050.368319
8272	1050.353578
8273	1050.343279
8274	1050.327126
8275	1050.316744
8276	1050.30288
8277	1050.290359
8278	1050.279416
8279	1050.263601
8280	1050.25053
8281	1050.240698
8282	1050.229998
8283	1050.211768
8284	1050.202298
8285	1050.184014
8286	1050.169533
8287	1050.159747
8288	1050.148452
8289	1050.13271
8290	1050.118008
8291	1050.105106
8292	1050.091602
8293	1050.079208
8294	1050.061621
8295	1050.045425
8296	1050.032596
8297	1050.016994
8298	1050.003328
8299	1049.988606
8300	1049.975757
8301	1049.963555
8302	1049.949439
8303	1049.939517
8304	1049.929917
8305	1049.911929
8306	1049.901249
8307	1049.889514
8308	1049.877615
8309	1049.864156
8310	1049.857261
8311	1049.849309
8312	1049.828625
8313	1049.818748
8314	1049.80845
8315	1049.801763
8316	1049.783931
8317	1049.770474
8318	1049.757041
8319	1049.737827
8320	1049.7157
8321	1049.70737
8322	1049.692059
8323	1049.67908
8324	1049.66165
8325	1049.646632
8326	1049.633357
8327	1049.622959
8328	1049.612392
8329	1049.599946
8330	1049.585054
8331	1049.562297
8332	1049.5441
8333	1049.534406
8334	1049.524337
8335	1049.513274
8336	1049.498647
8337	1049.486114
8338	1049.473114
8339	1049.459366
8340	1049.444013
8341	1049.430407
8342	1049.414364
8343	1049.404982
8344	1049.381963
8345	1049.368608
8346	1049.355064
8347	1049.345119
8348	1049.333829
8349	1049.327084
8350	1049.310773
8351	1049.295521
8352	1049.280472
8353	1049.265837
8354	1049.257301
8355	1049.241824
8356	1049.229244
8357	1049.217967
8358	1049.208051
8359	1049.191943
8360	1049.178701
8361	1049.168945
8362	1049.156281
8363	1049.145059
8364	1049.127035
8365	1049.114666
8366	1049.105267
8367	1049.088799
8368	1049.072556
8369	1049.060337
8370	1049.039335
8371	1049.019158
8372	1049.008285
8373	1048.995374
8374	1048.978954
8375	1048.96765
8376	1048.954256
8377	1048.945643
8378	1048.932107
8379	1048.918832
8380	1048.902355
8381	1048.882557
8382	1048.864051
8383	1048.851752
8384	1048.834879
8385	1048.820452
8386	1048.802686
8387	1048.789424
8388	1048.77344
8389	1048.762129
8390	1048.749909
8391	1048.738614
8392	1048.729097
8393	1048.71593
8394	1048.700289
8395	1048.678727
8396	1048.666537
8397	1048.656163
8398	1048.643349
8399	1048.628435
8400	1048.605079
8401	1048.585731
8402	1048.57029
8403	1048.554007
8404	1048.537917
8405	1048.528078
8406	1048.513586
8407	1048.503556
8408	1048.491651
8409	1048.476556
8410	1048.464939
8411	1048.449732
8412	1048.434261
8413	1048.421428
8414	1048.405344
8415	1048.390722
8416	1048.368321
8417	1048.361616
8418	1048.351452
8419	1048.337499
8420	1048.327175
8421	1048.310702
8422	1048.299495
8423	1048.278667
8424	1048.257828
8425	1048.248666
8426	1048.235559
8427	1048.2213
8428	1048.206977
8429	1048.197892
8430	1048.184112
8431	1048.16865
8432	1048.159587
8433	1048.143539
8434	1048.131825
8435	1048.116258
8436	1048.100859
8437	1048.08757
8438	1048.072486
8439	1048.056073
8440	1048.042202
8441	1048.028859
8442	1048.013628
8443	1048.001862
8444	1047.988692
8445	1047.977278
8446	1047.962361
8447	1047.945548
8448	1047.937925
8449	1047.921191
8450	1047.911086
8451	1047.899321
8452	1047.884556
8453	1047.869931
8454	1047.86052
8455	1047.846073
8456	1047.835675
8457	1047.817949
8458	1047.800338
8459	1047.785436
8460	1047.773157
8461	1047.761925
8462	1047.749463
8463	1047.736147
8464	1047.719471
8465	1047.700973
8466	1047.686871
8467	1047.677792
8468	1047.663894
8469	1047.645996
8470	1047.629743
8471	1047.61502
8472	1047.597758
8473	1047.587279
8474	1047.561065
8475	1047.545994
8476	1047.534239
8477	1047.521211
8478	1047.508132
8479	1047.495533
8480	1047.484342
8481	1047.472172
8482	1047.455277
8483	1047.441463
8484	1047.428304
8485	1047.417917
8486	1047.402493
8487	1047.391687
8488	1047.380993
8489	1047.370546
8490	1047.349156
8491	1047.333263
8492	1047.31985
8493	1047.313534
8494	1047.299502
8495	1047.284902
8496	1047.272892
8497	1047.26136
8498	1047.245918
8499	1047.230005
8500	1047.220625
8501	1047.210209
8502	1047.196148
8503	1047.184543
8504	1047.171175
8505	1047.1583
8506	1047.140463
8507	1047.131215
8508	1047.123932
8509	1047.111705
8510	1047.098669
8511	1047.082019
8512	1047.068081
8513	1047.054915
8514	1047.035015
8515	1047.017896
8516	1047.005728
8517	1046.999358
8518	1046.985658
8519	1046.969597
8520	1046.95707
8521	1046.946314
8522	1046.936171
8523	1046.920359
8524	1046.907432
8525	1046.896924
8526	1046.88386
8527	1046.865376
8528	1046.852598
8529	1046.84237
8530	1046.823293
8531	1046.809587
8532	1046.803233
8533	1046.792988
8534	1046.780066
8535	1046.766289
8536	1046.755824
8537	1046.743932
8538	1046.732323
8539	1046.718996
8540	1046.708862
8541	1046.696896
8542	1046.684911
8543	1046.678655
8544	1046.666311
8545	1046.653476
8546	1046.642526
8547	1046.6279
8548	1046.616626
8549	1046.599667
8550	1046.582945
8551	1046.569024
8552	1046.555988
8553	1046.54361
8554	1046.529508
8555	1046.517708
8556	1046.500196
8557	1046.488628
8558	1046.469659
8559	1046.460544
8560	1046.452516
8561	1046.435292
8562	1046.424462
8563	1046.408537
8564	1046.398934
8565	1046.38273
8566	1046.368642
8567	1046.357126
8568	1046.346568
8569	1046.339117
8570	1046.327997
8571	1046.315611
8572	1046.302672
8573	1046.292702
8574	1046.282048
8575	1046.270152
8576	1046.260986
8577	1046.251478
8578	1046.232411
8579	1046.219715
8580	1046.214446
8581	1046.201463
8582	1046.19159
8583	1046.175937
8584	1046.158763
8585	1046.144787
8586	1046.122277
8587	1046.109978
8588	1046.090439
8589	1046.078283
8590	1046.065553
8591	1046.054649
8592	1046.04358
8593	1046.026292
8594	1046.016306
8595	1046.007174
8596	1045.996175
8597	1045.984006
8598	1045.971624
8599	1045.965987
8600	1045.952114
8601	1045.940659
8602	1045.929553
8603	1045.909251
8604	1045.899571
8605	1045.884772
8606	1045.875237
8607	1045.867201
8608	1045.85837
8609	1045.844
8610	1045.834087
8611	1045.826051
8612	1045.812372
8613	1045.804014
8614	1045.794434
8615	1045.7801
8616	1045.772495
8617	1045.762355
8618	1045.751009
8619	1045.743015
8620	1045.726155
8621	1045.717114
8622	1045.700676
8623	1045.67961
8624	1045.668451
8625	1045.655915
8626	1045.638185
8627	1045.620139
8628	1045.606123
8629	1045.592576
8630	1045.579388
8631	1045.566015
8632	1045.55072
8633	1045.535417
8634	1045.522364
8635	1045.50464
8636	1045.493252
8637	1045.482253
8638	1045.473442
8639	1045.464989
8640	1045.453034
8641	1045.431454
8642	1045.422696
8643	1045.41162
8644	1045.400953
8645	1045.390587
8646	1045.377175
8647	1045.366389
8648	1045.356533
8649	1045.345449
8650	1045.329995
8651	1045.309739
8652	1045.300239
8653	1045.292086
8654	1045.28238
8655	1045.264372
8656	1045.247898
8657	1045.232879
8658	1045.222865
8659	1045.213909
8660	1045.199675
8661	1045.186807
8662	1045.181135
8663	1045.170699
8664	1045.160874
8665	1045.144887
8666	1045.134398
8667	1045.12244
8668	1045.109661
8669	1045.100726
8670	1045.093878
8671	1045.079856
8672	1045.072388
8673	1045.063499
8674	1045.041798
8675	1045.032092
8676	1045.021494
8677	1045.009479
8678	1044.996694
8679	1044.981769
8680	1044.964631
8681	1044.955177
8682	1044.950124
8683	1044.936598
8684	1044.925309
8685	1044.918372
8686	1044.908527
8687	1044.895265
8688	1044.886468
8689	1044.877533
8690	1044.862562
8691	1044.853655
8692	1044.84075
8693	1044.832426
8694	1044.819329
8695	1044.801919
8696	1044.793684
8697	1044.784827
8698	1044.775875
8699	1044.767384
8700	1044.760576
8701	1044.746672
8702	1044.735007
8703	1044.724995
8704	1044.71689
8705	1044.704956
8706	1044.693556
8707	1044.683523
8708	1044.665804
8709	1044.6529
8710	1044.642349
8711	1044.633481
8712	1044.622947
8713	1044.610629
8714	1044.598536
8715	1044.585854
8716	1044.573629
8717	1044.559219
8718	1044.549801
8719	1044.539938
8720	1044.527265
8721	1044.511272
8722	1044.500359
8723	1044.48565
8724	1044.472066
8725	1044.456741
8726	1044.446206
8727	1044.432002
8728	1044.41584
8729	1044.400355
8730	1044.39197
8731	1044.382727
8732	1044.37139
8733	1044.356257
8734	1044.344867
8735	1044.331622
8736	1044.321567
8737	1044.314658
8738	1044.305063
8739	1044.29461
8740	1044.279624
8741	1044.264228
8742	1044.254013
8743	1044.242703
8744	1044.234462
8745	1044.219404
8746	1044.198217
8747	1044.190714
8748	1044.178089
8749	1044.161105
8750	1044.151246
8751	1044.14024
8752	1044.128111
8753	1044.11577
8754	1044.103333
8755	1044.089363
8756	1044.074779
8757	1044.05481
8758	1044.044478
8759	1044.026043
8760	1044.017249
8761	1044.006121
8762	1043.993679
8763	1043.984659
8764	1043.969962
8765	1043.960965
8766	1043.945111
8767	1043.935422
8768	1043.925196
8769	1043.914428
8770	1043.893687
8771	1043.883031
8772	1043.870217
8773	1043.861903
8774	1043.846907
8775	1043.837253
8776	1043.826234
8777	1043.81727
8778	1043.803608
8779	1043.792595
8780	1043.774127
8781	1043.760146
8782	1043.752347
8783	1043.737012
8784	1043.725764
8785	1043.712292
8786	1043.702738
8787	1043.691362
8788	1043.679249
8789	1043.670463
8790	1043.656412
8791	1043.646019
8792	1043.630447
8793	1043.621463
8794	1043.608868
8795	1043.591742
8796	1043.579414
8797	1043.568151
8798	1043.55536
8799	1043.538628
8800	1043.531531
8801	1043.519078
8802	1043.503991
8803	1043.486356
8804	1043.47138
8805	1043.454609
8806	1043.442556
8807	1043.424332
8808	1043.410847
8809	1043.390352
8810	1043.37476
8811	1043.355761
8812	1043.343926
8813	1043.329726
8814	1043.316518
8815	1043.305615
8816	1043.292245
8817	1043.283459
8818	1043.273359
8819	1043.265023
8820	1043.253289
8821	1043.23806
8822	1043.228334
8823	1043.214433
8824	1043.204347
8825	1043.189669
8826	1043.183333
8827	1043.174258
8828	1043.160208
8829	1043.147241
8830	1043.136995
8831	1043.128531
8832	1043.118828
8833	1043.107562
8834	1043.095934
8835	1043.090404
8836	1043.077762
8837	1043.069421
8838	1043.063163
8839	1043.050557
8840	1043.040569
8841	1043.025022
8842	1043.016317
8843	1043.001815
8844	1042.989396
8845	1042.979209
8846	1042.97231
8847	1042.962254
8848	1042.950163
8849	1042.934223
8850	1042.928393
8851	1042.914492
8852	1042.904909
8853	1042.891456
8854	1042.881955
8855	1042.868634
8856	1042.848182
8857	1042.834138
8858	1042.822298
8859	1042.807532
8860	1042.797917
8861	1042.787294
8862	1042.772604
8863	1042.757538
8864	1042.74144
8865	1042.732217
8866	1042.717701
8867	1042.705195
8868	1042.689582
8869	1042.679316
8870	1042.661109
8871	1042.648158
8872	1042.634272
8873	1042.62227
8874	1042.60854
8875	1042.597575
8876	1042.58466
8877	1042.576929
8878	1042.57224
8879	1042.564003
8880	1042.551436
8881	1042.537875
8882	1042.523897
8883	1042.515149
8884	1042.502043
8885	1042.487827
8886	1042.472507
8887	1042.459598
8888	1042.449132
8889	1042.429997
8890	1042.418962
8891	1042.408419
8892	1042.396134
8893	1042.375626
8894	1042.363324
8895	1042.355708
8896	1042.346208
8897	1042.331466
8898	1042.321088
8899	1042.311552
8900	1042.302155
8901	1042.288702
8902	1042.275602
8903	1042.261992
8904	1042.249771
8905	1042.233806
8906	1042.219722
8907	1042.211214
8908	1042.199808
8909	1042.188631
8910	1042.180407
8911	1042.163548
8912	1042.149837
8913	1042.137521
8914	1042.123839
8915	1042.112296
8916	1042.098442
8917	1042.086208
8918	1042.073355
8919	1042.066872
8920	1042.056654
8921	1042.042181
8922	1042.029706
8923	1042.017814
8924	1042.004323
8925	1041.993885
8926	1041.979737
8927	1041.967713
8928	1041.959083
8929	1041.946549
8930	1041.933121
8931	1041.922911
8932	1041.912229
8933	1041.904665
8934	1041.894354
8935	1041.883195
8936	1041.869566
8937	1041.846779
8938	1041.832917
8939	1041.821997
8940	1041.802638
8941	1041.796127
8942	1041.786651
8943	1041.774356
8944	1041.759745
8945	1041.747092
8946	1041.736832
8947	1041.725673
8948	1041.716289
8949	1041.698517
8950	1041.687626
8951	1041.674561
8952	1041.660725
8953	1041.651503
8954	1041.641614
8955	1041.632261
8956	1041.620248
8957	1041.604206
8958	1041.595727
8959	1041.580972
8960	1041.571203
8961	1041.563007
8962	1041.552194
8963	1041.542143
8964	1041.531766
8965	1041.523607
8966	1041.513354
8967	1041.503644
8968	1041.492914
8969	1041.474596
8970	1041.465637
8971	1041.456607
8972	1041.440416
8973	1041.432421
8974	1041.424601
8975	1041.411628
8976	1041.404841
8977	1041.391352
8978	1041.383938
8979	1041.370025
8980	1041.352046
8981	1041.344312
8982	1041.333325
8983	1041.319815
8984	1041.314148
8985	1041.304803
8986	1041.289315
8987	1041.27971
8988	1041.26633
8989	1041.256113
8990	1041.24345
8991	1041.234435
8992	1041.224864
8993	1041.209377
8994	1041.198125
8995	1041.181218
8996	1041.168655
8997	1041.156594
8998	1041.146873
8999	1041.138524
9000	1041.12899
9001	1041.117796
9002	1041.103352
9003	1041.094403
9004	1041.078893
9005	1041.071289
9006	1041.059733
9007	1041.050979
9008	1041.040249
9009	1041.031746
9010	1041.022297
9011	1041.007426
9012	1040.998453
9013	1040.986172
9014	1040.975222
9015	1040.964075
9016	1040.949099
9017	1040.931259
9018	1040.921357
9019	1040.909067
9020	1040.902518
9021	1040.886605
9022	1040.874918
9023	1040.861864
9024	1040.851331
9025	1040.843627
9026	1040.830961
9027	1040.808981
9028	1040.795633
9029	1040.778639
9030	1040.767092
9031	1040.757951
9032	1040.747541
9033	1040.737144
9034	1040.724832
9035	1040.711245
9036	1040.698066
9037	1040.684421
9038	1040.674841
9039	1040.663629
9040	1040.648961
9041	1040.638045
9042	1040.628417
9043	1040.61748
9044	1040.612876
9045	1040.597452
9046	1040.583031
9047	1040.571385
9048	1040.554414
9049	1040.542227
9050	1040.532642
9051	1040.515464
9052	1040.503044
9053	1040.491661
9054	1040.479948
9055	1040.466965
9056	1040.453067
9057	1040.439912
9058	1040.426932
9059	1040.421447
9060	1040.404937
9061	1040.392373
9062	1040.38047
9063	1040.366463
9064	1040.353641
9065	1040.341427
9066	1040.331223
9067	1040.323326
9068	1040.312722
9069	1040.303169
9070	1040.295902
9071	1040.285075
9072	1040.269534
9073	1040.257347
9074	1040.24596
9075	1040.232342
9076	1040.223171
9077	1040.211275
9078	1040.206301
9079	1040.192337
9080	1040.181462
9081	1040.172298
9082	1040.158175
9083	1040.141448
9084	1040.122791
9085	1040.104971
9086	1040.091327
9087	1040.08165
9088	1040.066642
9089	1040.056017
9090	1040.047887
9091	1040.04009
9092	1040.028764
9093	1040.02052
9094	1040.01442
9095	1040.002343
9096	1039.992089
9097	1039.978727
9098	1039.967264
9099	1039.955341
9100	1039.941159
9101	1039.929208
9102	1039.915885
9103	1039.903033
9104	1039.890387
9105	1039.879397
9106	1039.869974
9107	1039.861604
9108	1039.850408
9109	1039.839005
9110	1039.829034
9111	1039.819724
9112	1039.811061
9113	1039.803071
9114	1039.782445
9115	1039.770528
9116	1039.759042
9117	1039.746593
9118	1039.728667
9119	1039.719196
9120	1039.708932
9121	1039.697096
9122	1039.686388
9123	1039.667026
9124	1039.64958
9125	1039.640352
9126	1039.6296
9127	1039.619933
9128	1039.611074
9129	1039.59956
9130	1039.59097
9131	1039.580701
9132	1039.574055
9133	1039.561095
9134	1039.547451
9135	1039.541992
9136	1039.534566
9137	1039.530157
9138	1039.520051
9139	1039.508118
9140	1039.500238
9141	1039.491149
9142	1039.473958
9143	1039.4556
9144	1039.446827
9145	1039.436839
9146	1039.427164
9147	1039.41239
9148	1039.396215
9149	1039.382564
9150	1039.373037
9151	1039.36278
9152	1039.351447
9153	1039.337403
9154	1039.316954
9155	1039.304172
9156	1039.296523
9157	1039.284246
9158	1039.271498
9159	1039.262
9160	1039.249029
9161	1039.240539
9162	1039.230745
9163	1039.217721
9164	1039.2046
9165	1039.192958
9166	1039.179235
9167	1039.170567
9168	1039.16236
9169	1039.155454
9170	1039.149619
9171	1039.13978
9172	1039.129227
9173	1039.1183
9174	1039.109531
9175	1039.097637
9176	1039.087937
9177	1039.079918
9178	1039.069381
9179	1039.05717
9180	1039.047591
9181	1039.035817
9182	1039.021034
9183	1039.0064
9184	1038.994922
9185	1038.977426
9186	1038.965087
9187	1038.946726
9188	1038.937165
9189	1038.928104
9190	1038.914774
9191	1038.902823
9192	1038.892404
9193	1038.882008
9194	1038.86989
9195	1038.855507
9196	1038.841174
9197	1038.830396
9198	1038.821758
9199	1038.809037
9200	1038.798465
9201	1038.788101
9202	1038.777871
9203	1038.76915
9204	1038.761055
9205	1038.750466
9206	1038.742704
9207	1038.726977
9208	1038.716227
9209	1038.706444
9210	1038.696212
9211	1038.689604
9212	1038.678496
9213	1038.666277
9214	1038.658589
9215	1038.648409
9216	1038.636707
9217	1038.618167
9218	1038.605562
9219	1038.595039
9220	1038.57649
9221	1038.567175
9222	1038.55603
9223	1038.539715
9224	1038.526402
9225	1038.514587
9226	1038.506807
9227	1038.49526
9228	1038.48739
9229	1038.478394
9230	1038.469499
9231	1038.45054
9232	1038.441841
9233	1038.432239
9234	1038.421086
9235	1038.413084
9236	1038.399742
9237	1038.384612
9238	1038.372057
9239	1038.356267
9240	1038.348406
9241	1038.340011
9242	1038.330856
9243	1038.316613
9244	1038.304841
9245	1038.295305
9246	1038.2815
9247	1038.270574
9248	1038.261354
9249	1038.248791
9250	1038.242592
9251	1038.236365
9252	1038.217957
9253	1038.204741
9254	1038.197177
9255	1038.187968
9256	1038.17768
9257	1038.160879
9258	1038.151585
9259	1038.134528
9260	1038.118253
9261	1038.101784
9262	1038.092549
9263	1038.073238
9264	1038.062093
9265	1038.043141
9266	1038.030606
9267	1038.01974
9268	1038.004483
9269	1037.996007
9270	1037.982633
9271	1037.973041
9272	1037.954424
9273	1037.935607
9274	1037.925672
9275	1037.915631
9276	1037.90637
9277	1037.888031
9278	1037.878822
9279	1037.865614
9280	1037.851321
9281	1037.833705
9282	1037.820945
9283	1037.807988
9284	1037.79546
9285	1037.785143
9286	1037.774229
9287	1037.764594
9288	1037.756952
9289	1037.743495
9290	1037.724015
9291	1037.712855
9292	1037.700674
9293	1037.688664
9294	1037.676815
9295	1037.667494
9296	1037.660736
9297	1037.651804
9298	1037.635988
9299	1037.622549
9300	1037.611786
9301	1037.603012
9302	1037.593895
9303	1037.587252
9304	1037.575738
9305	1037.564201
9306	1037.556511
9307	1037.544847
9308	1037.535222
9309	1037.523445
9310	1037.511642
9311	1037.501911
9312	1037.492274
9313	1037.487552
9314	1037.477632
9315	1037.472849
9316	1037.46376
9317	1037.453252
9318	1037.447505
9319	1037.43684
9320	1037.429568
9321	1037.422171
9322	1037.416585
9323	1037.407076
9324	1037.394054
9325	1037.385393
9326	1037.373793
9327	1037.356955
9328	1037.34395
9329	1037.33143
9330	1037.319251
9331	1037.311533
9332	1037.30305
9333	1037.2962
9334	1037.289658
9335	1037.284372
9336	1037.275446
9337	1037.26549
9338	1037.256696
9339	1037.243455
9340	1037.232539
9341	1037.22114
9342	1037.206534
9343	1037.192835
9344	1037.185764
9345	1037.176242
9346	1037.166019
9347	1037.1609
9348	1037.149498
9349	1037.139456
9350	1037.125424
9351	1037.11662
9352	1037.10477
9353	1037.098762
9354	1037.089877
9355	1037.08021
9356	1037.07316
9357	1037.061408
9358	1037.053139
9359	1037.040123
9360	1037.024251
9361	1037.017881
9362	1037.007696
9363	1036.994058
9364	1036.986536
9365	1036.975207
9366	1036.963313
9367	1036.954047
9368	1036.938555
9369	1036.92788
9370	1036.918766
9371	1036.90792
9372	1036.89892
9373	1036.890126
9374	1036.879318
9375	1036.867058
9376	1036.855749
9377	1036.84479
9378	1036.83473
9379	1036.823242
9380	1036.814303
9381	1036.805813
9382	1036.79712
9383	1036.793205
9384	1036.77835
9385	1036.768171
9386	1036.7594
9387	1036.752516
9388	1036.744645
9389	1036.733723
9390	1036.722401
9391	1036.713143
9392	1036.696853
9393	1036.688211
9394	1036.676683
9395	1036.665288
9396	1036.658054
9397	1036.652961
9398	1036.64006
9399	1036.624733
9400	1036.619599
9401	1036.60686
9402	1036.5969
9403	1036.587361
9404	1036.576268
9405	1036.560976
9406	1036.551719
9407	1036.538003
9408	1036.527326
9409	1036.518524
9410	1036.504319
9411	1036.487015
9412	1036.478623
9413	1036.468681
9414	1036.460795
9415	1036.451591
9416	1036.442297
9417	1036.428781
9418	1036.420261
9419	1036.407726
9420	1036.395468
9421	1036.386061
9422	1036.374834
9423	1036.365454
9424	1036.351781
9425	1036.341603
9426	1036.330246
9427	1036.320011
9428	1036.299898
9429	1036.292641
9430	1036.282009
9431	1036.276895
9432	1036.269236
9433	1036.261401
9434	1036.247049
9435	1036.237128
9436	1036.226219
9437	1036.208836
9438	1036.199648
9439	1036.191306
9440	1036.179668
9441	1036.170879
9442	1036.162124
9443	1036.154802
9444	1036.147894
9445	1036.132113
9446	1036.116538
9447	1036.109641
9448	1036.098466
9449	1036.08916
9450	1036.081021
9451	1036.072625
9452	1036.060152
9453	1036.048654
9454	1036.037937
9455	1036.029167
9456	1036.021638
9457	1036.01187
9458	1036.003433
9459	1035.987748
9460	1035.97735
9461	1035.966049
9462	1035.954132
9463	1035.944112
9464	1035.933707
9465	1035.921158
9466	1035.90846
9467	1035.898867
9468	1035.889137
9469	1035.878144
9470	1035.866497
9471	1035.857824
9472	1035.845938
9473	1035.834377
9474	1035.827015
9475	1035.820986
9476	1035.808694
9477	1035.798998
9478	1035.786674
9479	1035.775953
9480	1035.76672
9481	1035.753941
9482	1035.74646
9483	1035.739241
9484	1035.729271
9485	1035.717807
9486	1035.704936
9487	1035.687594
9488	1035.67499
9489	1035.6644
9490	1035.654825
9491	1035.645163
9492	1035.637583
9493	1035.625504
9494	1035.616345
9495	1035.605196
9496	1035.594604
9497	1035.58742
9498	1035.575391
9499	1035.565532
9500	1035.558743
9501	1035.546223
9502	1035.535232
9503	1035.524063
9504	1035.512642
9505	1035.50346
9506	1035.494174
9507	1035.485803
9508	1035.477733
9509	1035.470344
9510	1035.465315
9511	1035.454723
9512	1035.435499
9513	1035.419366
9514	1035.415547
9515	1035.400661
9516	1035.394173
9517	1035.389394
9518	1035.37827
9519	1035.374653
9520	1035.362786
9521	1035.353
9522	1035.342339
9523	1035.337871
9524	1035.327373
9525	1035.318393
9526	1035.299125
9527	1035.289443
9528	1035.281209
9529	1035.268035
9530	1035.259721
9531	1035.252628
9532	1035.23444
9533	1035.227684
9534	1035.219992
9535	1035.210289
9536	1035.203897
9537	1035.190046
9538	1035.181418
9539	1035.175245
9540	1035.168139
9541	1035.15952
9542	1035.148785
9543	1035.139609
9544	1035.130638
9545	1035.120854
9546	1035.110196
9547	1035.09273
9548	1035.081323
9549	1035.072765
9550	1035.066239
9551	1035.054396
9552	1035.040792
9553	1035.031231
9554	1035.025905
9555	1035.018038
9556	1035.008704
9557	1034.998288
9558	1034.990037
9559	1034.981105
9560	1034.967713
9561	1034.95881
9562	1034.948633
9563	1034.941235
9564	1034.932554
9565	1034.923671
9566	1034.912608
9567	1034.903929
9568	1034.898728
9569	1034.891616
9570	1034.879737
9571	1034.86233
9572	1034.853027
9573	1034.840621
9574	1034.829843
9575	1034.82183
9576	1034.812757
9577	1034.803392
9578	1034.791129
9579	1034.781881
9580	1034.767244
9581	1034.758647
9582	1034.750686
9583	1034.739993
9584	1034.730321
9585	1034.721453
9586	1034.708731
9587	1034.699166
9588	1034.686902
9589	1034.679284
9590	1034.669342
9591	1034.658859
9592	1034.651866
9593	1034.633056
9594	1034.621465
9595	1034.610541
9596	1034.602332
9597	1034.591327
9598	1034.583996
9599	1034.577362
9600	1034.561803
9601	1034.554173
9602	1034.546284
9603	1034.539939
9604	1034.530771
9605	1034.523592
9606	1034.516196
9607	1034.505956
9608	1034.496951
9609	1034.484418
9610	1034.476443
9611	1034.472255
9612	1034.460177
9613	1034.450776
9614	1034.437768
9615	1034.430167
9616	1034.421339
9617	1034.41448
9618	1034.403096
9619	1034.386062
9620	1034.378714
9621	1034.366132
9622	1034.352274
9623	1034.343434
9624	1034.333266
9625	1034.321675
9626	1034.312301
9627	1034.303789
9628	1034.29016
9629	1034.277336
9630	1034.268182
9631	1034.260338
9632	1034.253656
9633	1034.239399
9634	1034.226308
9635	1034.220455
9636	1034.21317
9637	1034.206071
9638	1034.196647
9639	1034.183579
9640	1034.171465
9641	1034.163878
9642	1034.15548
9643	1034.149613
9644	1034.136845
9645	1034.12932
9646	1034.121951
9647	1034.108027
9648	1034.090562
9649	1034.084377
9650	1034.065941
9651	1034.055153
9652	1034.041631
9653	1034.029594
9654	1034.022602
9655	1034.006733
9656	1033.995622
9657	1033.98065
9658	1033.971469
9659	1033.962768
9660	1033.949292
9661	1033.939195
9662	1033.925811
9663	1033.909832
9664	1033.898635
9665	1033.888545
9666	1033.885263
9667	1033.875944
9668	1033.866984
9669	1033.853816
9670	1033.84128
9671	1033.836623
9672	1033.832274
9673	1033.810346
9674	1033.794242
9675	1033.78573
9676	1033.776657
9677	1033.76663
9678	1033.758587
9679	1033.747779
9680	1033.737139
9681	1033.724141
9682	1033.715307
9683	1033.705241
9684	1033.699631
9685	1033.694597
9686	1033.681866
9687	1033.672678
9688	1033.66247
9689	1033.655707
9690	1033.645866
9691	1033.639361
9692	1033.628148
9693	1033.610402
9694	1033.597025
9695	1033.58594
9696	1033.579516
9697	1033.571021
9698	1033.554323
9699	1033.545333
9700	1033.535733
9701	1033.524087
9702	1033.517176
9703	1033.506723
9704	1033.494912
9705	1033.483888
9706	1033.473767
9707	1033.459738
9708	1033.45022
9709	1033.437216
9710	1033.427295
9711	1033.419134
9712	1033.401414
9713	1033.390902
9714	1033.382924
9715	1033.376439
9716	1033.367092
9717	1033.358408
9718	1033.351066
9719	1033.34075
9720	1033.331596
9721	1033.322209
9722	1033.312301
9723	1033.305608
9724	1033.298961
9725	1033.287363
9726	1033.275514
9727	1033.261682
9728	1033.255352
9729	1033.247933
9730	1033.23835
9731	1033.229887
9732	1033.216074
9733	1033.210281
9734	1033.194328
9735	1033.183238
9736	1033.176714
9737	1033.1688
9738	1033.157412
9739	1033.151696
9740	1033.143267
9741	1033.126495
9742	1033.120213
9743	1033.113742
9744	1033.106815
9745	1033.099918
9746	1033.092885
9747	1033.083168
9748	1033.077139
9749	1033.065274
9750	1033.056887
9751	1033.046374
9752	1033.033775
9753	1033.026298
9754	1033.016111
9755	1033.006263
9756	1032.995765
9757	1032.984067
9758	1032.973696
9759	1032.959966
9760	1032.948614
9761	1032.936785
9762	1032.927696
9763	1032.917278
9764	1032.913581
9765	1032.906578
9766	1032.897158
9767	1032.890186
9768	1032.880153
9769	1032.872473
9770	1032.860513
9771	1032.850258
9772	1032.845502
9773	1032.837705
9774	1032.824704
9775	1032.816025
9776	1032.807849
9777	1032.791785
9778	1032.784275
9779	1032.777642
9780	1032.763455
9781	1032.755843
9782	1032.746884
9783	1032.735652
9784	1032.728283
9785	1032.718007
9786	1032.707765
9787	1032.696164
9788	1032.690631
9789	1032.683011
9790	1032.670895
9791	1032.661844
9792	1032.651421
9793	1032.642059
9794	1032.633905
9795	1032.625288
9796	1032.616301
9797	1032.599316
9798	1032.591265
9799	1032.58029
9800	1032.570567
9801	1032.554337
9802	1032.547362
9803	1032.53758
9804	1032.52144
9805	1032.512629
9806	1032.500411
9807	1032.492991
9808	1032.484687
9809	1032.480266
9810	1032.469539
9811	1032.459329
9812	1032.443166
9813	1032.432732
9814	1032.421966
9815	1032.409227
9816	1032.400679
9817	1032.392482
9818	1032.386407
9819	1032.379745
9820	1032.371958
9821	1032.35787
9822	1032.34821
9823	1032.336438
9824	1032.32618
9825	1032.31615
9826	1032.306218
9827	1032.295125
9828	1032.285256
9829	1032.276635
9830	1032.268812
9831	1032.261524
9832	1032.253757
9833	1032.246256
9834	1032.234823
9835	1032.223924
9836	1032.215294
9837	1032.208458
9838	1032.199498
9839	1032.193611
9840	1032.185571
9841	1032.177275
9842	1032.167734
9843	1032.160955
9844	1032.145987
9845	1032.136333
9846	1032.125003
9847	1032.111759
9848	1032.100994
9849	1032.090924
9850	1032.083255
9851	1032.072774
9852	1032.067753
9853	1032.059029
9854	1032.041736
9855	1032.03458
9856	1032.025948
9857	1032.021723
9858	1032.014597
9859	1032.006766
9860	1031.995536
9861	1031.985878
9862	1031.976393
9863	1031.963657
9864	1031.953409
9865	1031.94945
9866	1031.943374
9867	1031.935314
9868	1031.930087
9869	1031.915434
9870	1031.907778
9871	1031.899552
9872	1031.891062
9873	1031.882699
9874	1031.8756
9875	1031.863969
9876	1031.855953
9877	1031.845714
9878	1031.831441
9879	1031.822137
9880	1031.809661
9881	1031.802225
9882	1031.79731
9883	1031.787447
9884	1031.779333
9885	1031.768243
9886	1031.761985
9887	1031.755273
9888	1031.747033
9889	1031.735902
9890	1031.726972
9891	1031.718961
9892	1031.708559
9893	1031.701539
9894	1031.692642
9895	1031.681986
9896	1031.670487
9897	1031.662531
9898	1031.653861
9899	1031.646029
9900	1031.641121
9901	1031.632232
9902	1031.623814
9903	1031.615187
9904	1031.604011
9905	1031.588703
9906	1031.577937
9907	1031.566487
9908	1031.556845
9909	1031.54849
9910	1031.534234
9911	1031.525978
9912	1031.516994
9913	1031.510453
9914	1031.503196
9915	1031.49324
9916	1031.487648
9917	1031.474681
9918	1031.467528
9919	1031.45828
9920	1031.452226
9921	1031.44136
9922	1031.426103
9923	1031.406744
9924	1031.399462
9925	1031.390629
9926	1031.376726
9927	1031.36717
9928	1031.354437
9929	1031.344649
9930	1031.332585
9931	1031.322325
9932	1031.315073
9933	1031.303599
9934	1031.295863
9935	1031.291321
9936	1031.284672
9937	1031.275735
9938	1031.26527
9939	1031.249227
9940	1031.241669
9941	1031.232889
9942	1031.22318
9943	1031.217277
9944	1031.208926
9945	1031.205022
9946	1031.198887
9947	1031.189492
9948	1031.181382
9949	1031.166166
9950	1031.15852
9951	1031.14801
9952	1031.139357
9953	1031.134649
9954	1031.12049
9955	1031.106757
9956	1031.098798
9957	1031.08619
9958	1031.075951
9959	1031.067693
9960	1031.058565
9961	1031.049801
9962	1031.039096
9963	1031.028828
9964	1031.020923
9965	1031.009417
9966	1031.003055
9967	1030.991457
9968	1030.984722
9969	1030.980434
9970	1030.963332
9971	1030.952407
9972	1030.945485
9973	1030.936452
9974	1030.925474
9975	1030.91474
9976	1030.906351
9977	1030.896163
9978	1030.886621
9979	1030.879955
9980	1030.874078
9981	1030.859651
9982	1030.846325
9983	1030.838162
9984	1030.82689
9985	1030.817262
9986	1030.799192
9987	1030.792966
9988	1030.781637
9989	1030.774707
9990	1030.765085
9991	1030.756758
9992	1030.748744
9993	1030.740093
9994	1030.731261
9995	1030.723333
9996	1030.71418
9997	1030.705321
9998	1030.697813
9999	1030.690591
