iter	Passed	Remaining
0	83	835430
1	153	767003
2	227	756970
3	281	704309
4	365	729644
5	438	731148
6	514	734266
7	574	717846
8	646	717292
9	710	709859
10	780	708622
11	850	707927
12	908	698105
13	964	687718
14	1038	691468
15	1103	688732
16	1172	688668
17	1243	689453
18	1324	695692
19	1408	702654
20	1475	701236
21	1542	699660
22	1608	697576
23	1672	695204
24	1740	694346
25	1804	692392
26	1872	691686
27	1936	689632
28	2001	688165
29	2057	683741
30	2131	685492
31	2204	686580
32	2261	682937
33	2319	679923
34	2384	678894
35	2445	676733
36	2508	675399
37	2569	673540
38	2628	671435
39	2692	670396
40	2753	668788
41	2810	666329
42	2858	661858
43	2920	660876
44	2978	658803
45	3036	656997
46	3090	654539
47	3151	653355
48	3217	653426
49	3274	651689
50	3345	652630
51	3414	653147
52	3471	651484
53	3533	650826
54	3599	650780
55	3667	651272
56	3741	652621
57	3810	653212
58	3869	652042
59	3925	650340
60	3997	651349
61	4055	650063
62	4114	648916
63	4177	648594
64	4240	648218
65	4311	648954
66	4373	648374
67	4435	647863
68	4512	649460
69	4581	649900
70	4641	649106
71	4708	649188
72	4770	648700
73	4831	648040
74	4888	646873
75	4957	647341
76	5019	646896
77	5082	646462
78	5149	646702
79	5210	646094
80	5263	644540
81	5327	644402
82	5386	643649
83	5448	643144
84	5512	643073
85	5582	643490
86	5636	642214
87	5698	641902
88	5758	641309
89	5819	640817
90	5876	639846
91	5940	639784
92	6000	639241
93	6061	638747
94	6120	638147
95	6184	637995
96	6249	638015
97	6317	638312
98	6382	638315
99	6444	637961
100	6500	637134
101	6556	636224
102	6619	636062
103	6674	635106
104	6743	635477
105	6810	635717
106	6880	636186
107	6950	636582
108	7016	636696
109	7072	635885
110	7141	636280
111	7209	636488
112	7282	637154
113	7342	636718
114	7403	636352
115	7467	636295
116	7535	636541
117	7593	635959
118	7653	635477
119	7713	635064
120	7785	635626
121	7845	635191
122	7906	634908
123	7967	634537
124	8034	634696
125	8098	634646
126	8164	634727
127	8227	634559
128	8284	633935
129	8349	633888
130	8406	633328
131	8470	633266
132	8533	633053
133	8587	632274
134	8646	631841
135	8713	632020
136	8776	631820
137	8833	631299
138	8898	631281
139	8960	631085
140	9033	631651
141	9094	631372
142	9159	631347
143	9223	631311
144	9277	630550
145	9342	630556
146	9400	630085
147	9468	630277
148	9527	629923
149	9591	629818
150	9656	629844
151	9722	629889
152	9781	629561
153	9844	629393
154	9913	629643
155	9973	629376
156	10036	629220
157	10098	629028
158	10171	629519
159	10222	628709
160	10284	628491
161	10349	628492
162	10404	627885
163	10467	627774
164	10528	627583
165	10588	627292
166	10651	627181
167	10713	627000
168	10777	626958
169	10843	626994
170	10904	626783
171	10968	626752
172	11032	626701
173	11088	626193
174	11147	625854
175	11216	626067
176	11278	625916
177	11333	625383
178	11389	624882
179	11460	625243
180	11518	624853
181	11580	624721
182	11640	624466
183	11702	624294
184	11758	623819
185	11822	623774
186	11888	623844
187	11951	623743
188	12012	623543
189	12077	623592
190	12134	623204
191	12202	623322
192	12259	622937
193	12329	623206
194	12393	623176
195	12460	623296
196	12517	622901
197	12580	622776
198	12643	622687
199	12713	622968
200	12767	622425
201	12836	622616
202	12899	622546
203	12962	622451
204	13022	622237
205	13078	621781
206	13134	621395
207	13199	621374
208	13263	621350
209	13323	621117
210	13381	620818
211	13446	620811
212	13509	620722
213	13577	620879
214	13641	620848
215	13706	620842
216	13768	620728
217	13832	620680
218	13895	620603
219	13959	620553
220	14028	620731
221	14094	620805
222	14156	620642
223	14228	620953
224	14293	620961
225	14363	621204
226	14418	620742
227	14484	620810
228	14549	620792
229	14609	620579
230	14671	620460
231	14728	620133
232	14796	620235
233	14863	620340
234	14923	620102
235	14984	619938
236	15043	619693
237	15105	619586
238	15173	619699
239	15233	619512
240	15307	619869
241	15373	619891
242	15435	619772
243	15496	619594
244	15563	619678
245	15629	619720
246	15683	619267
247	15740	618974
248	15802	618839
249	15863	618670
250	15933	618861
251	15987	618432
252	16054	618517
253	16118	618466
254	16183	618467
255	16241	618188
256	16300	617951
257	16363	617890
258	16431	618005
259	16490	617756
260	16557	617834
261	16617	617625
262	16685	617740
263	16749	617702
264	16812	617620
265	16867	617254
266	16931	617222
267	16994	617121
268	17058	617095
269	17128	617266
270	17182	616859
271	17251	616983
272	17313	616894
273	17373	616684
274	17435	616573
275	17505	616740
276	17559	616348
277	17624	616366
278	17683	616145
279	17740	615839
280	17791	615368
281	17849	615115
282	17907	614878
283	17970	614792
284	18032	614702
285	18101	614820
286	18169	614917
287	18226	614631
288	18291	614616
289	18350	614440
290	18426	614784
291	18493	614843
292	18572	615285
293	18639	615371
294	18709	615509
295	18765	615193
296	18830	615185
297	18891	615050
298	18953	614952
299	19020	614981
300	19078	614757
301	19132	614392
302	19193	614270
303	19260	614304
304	19325	614302
305	19386	614163
306	19453	614221
307	19525	614418
308	19592	614477
309	19663	614655
310	19731	614729
311	19793	614615
312	19856	614540
313	19915	614338
314	19980	614330
315	20049	614423
316	20115	614449
317	20175	614267
318	20242	614317
319	20308	614332
320	20366	614105
321	20424	613876
322	20474	613413
323	20530	613134
324	20596	613144
325	20667	613302
326	20728	613156
327	20787	612983
328	20853	612993
329	20913	612815
330	20975	612711
331	21030	612412
332	21098	612485
333	21157	612306
334	21221	612247
335	21285	612197
336	21356	612360
337	21414	612162
338	21478	612108
339	21544	612131
340	21614	612253
341	21674	612080
342	21736	611967
343	21788	611595
344	21847	611419
345	21919	611590
346	21978	611397
347	22043	611380
348	22102	611203
349	22164	611099
350	22214	610676
351	22274	610511
352	22341	610553
353	22410	610643
354	22476	610667
355	22537	610525
356	22597	610378
357	22654	610139
358	22717	610083
359	22781	610042
360	22843	609936
361	22908	609923
362	22977	610007
363	23041	609970
364	23109	610033
365	23173	609976
366	23242	610078
367	23312	610172
368	23386	610384
369	23449	610314
370	23516	610345
371	23578	610258
372	23638	610107
373	23708	610209
374	23770	610113
375	23829	609934
376	23895	609925
377	23958	609869
378	24012	609564
379	24073	609449
380	24141	609494
381	24204	609433
382	24271	609439
383	24331	609302
384	24395	609244
385	24454	609093
386	24523	609161
387	24597	609365
388	24663	609363
389	24739	609615
390	24810	609732
391	24881	609839
392	24948	609866
393	25014	609870
394	25079	609847
395	25146	609876
396	25219	610034
397	25282	609945
398	25347	609930
399	25410	609844
400	25473	609783
401	25531	609578
402	25601	609682
403	25667	609672
404	25738	609782
405	25802	609730
406	25865	609659
407	25928	609580
408	25995	609580
409	26056	609479
410	26129	609621
411	26198	609683
412	26266	609733
413	26333	609731
414	26396	609669
415	26452	609428
416	26520	609459
417	26582	609351
418	26646	609306
419	26707	609183
420	26774	609196
421	26832	608999
422	26900	609038
423	26965	609016
424	27024	608857
425	27095	608950
426	27152	608747
427	27212	608596
428	27271	608418
429	27340	608495
430	27410	608573
431	27470	608428
432	27535	608383
433	27592	608169
434	27652	608032
435	27717	608007
436	27774	607793
437	27838	607743
438	27906	607779
439	27974	607818
440	28046	607930
441	28114	607949
442	28184	608033
443	28251	608047
444	28306	607799
445	28364	607615
446	28420	607374
447	28477	607188
448	28534	606976
449	28599	606938
450	28655	606714
451	28713	606543
452	28778	606503
453	28837	606344
454	28899	606253
455	28964	606227
456	29032	606258
457	29093	606126
458	29165	606252
459	29227	606151
460	29290	606085
461	29353	605995
462	29413	605865
463	29471	605694
464	29540	605748
465	29607	605754
466	29676	605791
467	29736	605662
468	29799	605578
469	29854	605339
470	29920	605343
471	29985	605293
472	30047	605198
473	30108	605093
474	30174	605086
475	30233	604914
476	30300	604924
477	30367	604932
478	30426	604776
479	30490	604731
480	30552	604636
481	30608	604419
482	30667	604277
483	30735	604298
484	30797	604197
485	30864	604203
486	30928	604156
487	30987	604000
488	31048	603885
489	31107	603734
490	31173	603720
491	31235	603636
492	31305	603702
493	31365	603571
494	31436	603641
495	31502	603633
496	31566	603571
497	31622	603375
498	31691	603403
499	31747	603198
500	31810	603134
501	31874	603082
502	31946	603169
503	32013	603167
504	32074	603058
505	32139	603028
506	32201	602932
507	32270	602981
508	32339	603012
509	32412	603130
510	32475	603057
511	32538	602971
512	32602	602932
513	32670	602940
514	32737	602942
515	32804	602950
516	32862	602776
517	32924	602682
518	32988	602624
519	33043	602412
520	33104	602304
521	33174	602345
522	33229	602136
523	33293	602084
524	33361	602101
525	33427	602080
526	33493	602064
527	33555	601970
528	33616	601863
529	33671	601646
530	33725	601406
531	33797	601489
532	33867	601544
533	33924	601364
534	33989	601324
535	34053	601276
536	34121	601283
537	34183	601204
538	34254	601260
539	34316	601171
540	34382	601154
541	34446	601104
542	34501	600878
543	34566	600842
544	34629	600774
545	34693	600723
546	34752	600580
547	34817	600546
548	34873	600337
549	34932	600202
550	34999	600208
551	35062	600133
552	35126	600069
553	35188	599985
554	35250	599886
555	35311	599785
556	35369	599635
557	35426	599455
558	35495	599479
559	35564	599507
560	35629	599470
561	35687	599319
562	35751	599266
563	35812	599169
564	35881	599192
565	35946	599143
566	36006	599032
567	36075	599055
568	36137	598964
569	36199	598882
570	36270	598931
571	36332	598844
572	36400	598868
573	36470	598897
574	36531	598793
575	36589	598638
576	36651	598556
577	36718	598550
578	36780	598460
579	36843	598385
580	36911	598392
581	36974	598326
582	37035	598227
583	37096	598122
584	37160	598069
585	37222	597970
586	37287	597928
587	37349	597849
588	37411	597764
589	37487	597891
590	37554	597888
591	37617	597812
592	37683	597784
593	37747	597726
594	37805	597585
595	37872	597568
596	37938	597549
597	37991	597323
598	38054	597238
599	38119	597205
600	38176	597036
601	38242	597011
602	38310	597023
603	38382	597081
604	38444	597003
605	38504	596886
606	38570	596858
607	38637	596847
608	38700	596770
609	38766	596753
610	38836	596786
611	38897	596685
612	38964	596670
613	39028	596609
614	39091	596549
615	39158	596531
616	39226	596542
617	39278	596297
618	39348	596333
619	39419	596383
620	39485	596357
621	39547	596266
622	39611	596201
623	39680	596226
624	39748	596229
625	39818	596252
626	39885	596240
627	39945	596131
628	40011	596100
629	40065	595897
630	40132	595876
631	40195	595802
632	40263	595810
633	40327	595755
634	40393	595729
635	40456	595658
636	40518	595561
637	40595	595694
638	40659	595645
639	40727	595634
640	40793	595609
641	40863	595643
642	40932	595654
643	40992	595530
644	41060	595535
645	41123	595462
646	41186	595393
647	41250	595332
648	41306	595160
649	41363	595005
650	41428	594955
651	41483	594771
652	41541	594627
653	41605	594564
654	41666	594460
655	41737	594498
656	41793	594337
657	41853	594212
658	41909	594050
659	41976	594024
660	42036	593922
661	42096	593802
662	42169	593869
663	42231	593779
664	42297	593749
665	42366	593761
666	42433	593752
667	42496	593681
668	42559	593610
669	42627	593603
670	42689	593516
671	42750	593419
672	42801	593185
673	42868	593156
674	42935	593143
675	42992	592991
676	43058	592966
677	43124	592923
678	43190	592902
679	43249	592776
680	43317	592773
681	43388	592811
682	43456	592798
683	43515	592669
684	43574	592543
685	43631	592394
686	43689	592252
687	43755	592230
688	43826	592265
689	43884	592116
690	43941	591964
691	44008	591951
692	44073	591902
693	44132	591786
694	44195	591710
695	44262	591688
696	44323	591597
697	44386	591518
698	44446	591410
699	44513	591395
700	44571	591253
701	44647	591351
702	44703	591199
703	44764	591088
704	44835	591128
705	44897	591047
706	44961	590987
707	45027	590950
708	45097	590980
709	45159	590883
710	45225	590853
711	45298	590910
712	45364	590880
713	45425	590788
714	45492	590772
715	45563	590803
716	45629	590762
717	45688	590635
718	45755	590620
719	45814	590495
720	45886	590537
721	45954	590530
722	46017	590463
723	46080	590387
724	46144	590330
725	46201	590179
726	46274	590241
727	46341	590212
728	46402	590119
729	46467	590074
730	46531	590012
731	46589	589876
732	46650	589779
733	46711	589680
734	46769	589544
735	46832	589477
736	46887	589308
737	46952	589260
738	47018	589227
739	47082	589166
740	47152	589177
741	47211	589061
742	47276	589017
743	47348	589055
744	47413	589005
745	47473	588896
746	47538	588856
747	47589	588638
748	47655	588602
749	47725	588608
750	47783	588484
751	47851	588467
752	47920	588473
753	47989	588479
754	48058	588475
755	48123	588434
756	48190	588409
757	48265	588482
758	48330	588431
759	48386	588278
760	48450	588213
761	48509	588095
762	48580	588125
763	48643	588048
764	48708	588009
765	48773	587953
766	48831	587828
767	48891	587718
768	48961	587734
769	49026	587682
770	49092	587640
771	49150	587515
772	49210	587410
773	49266	587257
774	49328	587173
775	49395	587150
776	49456	587047
777	49521	586996
778	49586	586959
779	49647	586853
780	49706	586745
781	49767	586641
782	49834	586620
783	49904	586626
784	49972	586624
785	50035	586546
786	50101	586511
787	50157	586355
788	50211	586187
789	50276	586135
790	50340	586071
791	50404	586021
792	50476	586048
793	50542	586014
794	50608	585978
795	50680	586009
796	50736	585862
797	50811	585926
798	50868	585784
799	50933	585734
800	50999	585700
801	51070	585721
802	51135	585670
803	51195	585566
804	51264	585560
805	51330	585518
806	51391	585435
807	51465	585478
808	51525	585376
809	51579	585203
810	51647	585192
811	51719	585225
812	51794	585280
813	51853	585171
814	51922	585161
815	51987	585114
816	52058	585130
817	52128	585136
818	52190	585052
819	52241	584847
820	52307	584811
821	52380	584851
822	52444	584790
823	52515	584809
824	52580	584761
825	52650	584760
826	52703	584581
827	52769	584546
828	52836	584517
829	52903	584492
830	52964	584390
831	53036	584417
832	53103	584391
833	53171	584373
834	53234	584306
835	53300	584267
836	53371	584279
837	53434	584206
838	53502	584191
839	53571	584184
840	53635	584126
841	53698	584055
842	53766	584032
843	53827	583938
844	53888	583849
845	53957	583834
846	54016	583721
847	54075	583610
848	54148	583644
849	54206	583513
850	54276	583517
851	54351	583579
852	54414	583502
853	54476	583426
854	54541	583367
855	54601	583271
856	54662	583174
857	54720	583042
858	54786	583009
859	54845	582891
860	54909	582828
861	54978	582819
862	55044	582787
863	55109	582734
864	55178	582727
865	55244	582684
866	55312	582658
867	55382	582661
868	55448	582628
869	55504	582481
870	55564	582372
871	55634	582380
872	55695	582278
873	55756	582192
874	55821	582141
875	55879	582018
876	55939	581916
877	56007	581888
878	56069	581813
879	56140	581818
880	56214	581859
881	56285	581873
882	56360	581921
883	56434	581962
884	56498	581906
885	56559	581813
886	56633	581852
887	56696	581775
888	56759	581703
889	56823	581642
890	56881	581519
891	56937	581380
892	57001	581312
893	57058	581177
894	57121	581102
895	57188	581071
896	57244	580935
897	57311	580898
898	57377	580860
899	57435	580733
900	57508	580766
901	57568	580658
902	57639	580667
903	57698	580563
904	57758	580461
905	57825	580426
906	57890	580373
907	57949	580263
908	58014	580213
909	58080	580168
910	58140	580068
911	58205	580014
912	58268	579937
913	58336	579921
914	58400	579852
915	58458	579738
916	58528	579734
917	58594	579686
918	58651	579554
919	58714	579485
920	58782	579461
921	58842	579361
922	58903	579269
923	58966	579197
924	59025	579085
925	59096	579092
926	59149	578924
927	59214	578872
928	59273	578763
929	59331	578642
930	59391	578544
931	59456	578484
932	59522	578449
933	59582	578343
934	59650	578318
935	59711	578235
936	59775	578167
937	59830	578023
938	59892	577938
939	59964	577958
940	60029	577903
941	60092	577828
942	60156	577768
943	60218	577690
944	60286	577665
945	60352	577623
946	60421	577612
947	60478	577479
948	60533	577335
949	60601	577309
950	60666	577253
951	60727	577162
952	60790	577091
953	60846	576954
954	60913	576926
955	60983	576923
956	61051	576898
957	61106	576749
958	61172	576708
959	61236	576642
960	61298	576560
961	61361	576489
962	61423	576415
963	61484	576318
964	61545	576234
965	61611	576184
966	61667	576052
967	61729	575970
968	61797	575948
969	61863	575907
970	61920	575781
971	61988	575752
972	62050	575677
973	62127	575727
974	62191	575668
975	62253	575587
976	62322	575569
977	62390	575548
978	62455	575493
979	62520	575446
980	62585	575389
981	62650	575336
982	62712	575260
983	62773	575171
984	62833	575072
985	62893	574969
986	62958	574920
987	63024	574877
988	63088	574811
989	63157	574792
990	63222	574739
991	63290	574721
992	63357	574679
993	63423	574636
994	63487	574578
995	63555	574548
996	63630	574584
997	63698	574559
998	63759	574475
999	63820	574388
1000	63887	574345
1001	63955	574322
1002	64013	574205
1003	64074	574115
1004	64144	574110
1005	64213	574091
1006	64272	573986
1007	64334	573902
1008	64397	573830
1009	64461	573773
1010	64524	573697
1011	64589	573647
1012	64662	573667
1013	64730	573638
1014	64795	573586
1015	64859	573519
1016	64916	573401
1017	64978	573319
1018	65041	573249
1019	65104	573171
1020	65165	573085
1021	65226	573000
1022	65297	573000
1023	65364	572962
1024	65437	572972
1025	65498	572887
1026	65563	572831
1027	65627	572772
1028	65692	572714
1029	65758	572677
1030	65812	572521
1031	65870	572411
1032	65930	572314
1033	65995	572259
1034	66064	572238
1035	66133	572220
1036	66201	572190
1037	66259	572082
1038	66322	572006
1039	66393	572009
1040	66451	571893
1041	66520	571872
1042	66591	571868
1043	66646	571733
1044	66720	571749
1045	66785	571696
1046	66860	571729
1047	66926	571688
1048	66984	571573
1049	67047	571500
1050	67114	571464
1051	67174	571367
1052	67236	571285
1053	67306	571276
1054	67376	571267
1055	67434	571153
1056	67495	571065
1057	67560	571009
1058	67622	570923
1059	67691	570903
1060	67756	570851
1061	67818	570772
1062	67875	570653
1063	67932	570529
1064	67994	570451
1065	68055	570364
1066	68129	570385
1067	68198	570360
1068	68265	570324
1069	68326	570240
1070	68389	570170
1071	68450	570081
1072	68507	569960
1073	68571	569893
1074	68632	569807
1075	68695	569740
1076	68752	569614
1077	68810	569507
1078	68866	569380
1079	68921	569242
1080	68994	569250
1081	69060	569202
1082	69123	569136
1083	69189	569091
1084	69263	569107
1085	69340	569150
1086	69407	569119
1087	69475	569082
1088	69538	569017
1089	69605	568979
1090	69665	568881
1091	69725	568789
1092	69784	568685
1093	69846	568606
1094	69910	568544
1095	69976	568492
1096	70038	568418
1097	70103	568359
1098	70180	568401
1099	70247	568362
1100	70309	568289
1101	70375	568237
1102	70434	568134
1103	70504	568126
1104	70568	568060
1105	70627	567955
1106	70691	567897
1107	70759	567864
1108	70827	567836
1109	70886	567731
1110	70956	567716
1111	71018	567637
1112	71084	567586
1113	71146	567511
1114	71207	567422
1115	71269	567346
1116	71332	567273
1117	71397	567220
1118	71459	567145
1119	71533	567154
1120	71603	567144
1121	71661	567033
1122	71729	567001
1123	71786	566886
1124	71858	566880
1125	71922	566821
1126	71999	566862
1127	72070	566849
1128	72135	566800
1129	72195	566702
1130	72259	566640
1131	72327	566604
1132	72380	566458
1133	72440	566366
1134	72506	566317
1135	72557	566154
1136	72612	566016
1137	72673	565934
1138	72734	565850
1139	72805	565835
1140	72868	565766
1141	72926	565662
1142	72994	565625
1143	73060	565581
1144	73126	565535
1145	73188	565457
1146	73254	565410
1147	73318	565345
1148	73379	565261
1149	73447	565222
1150	73512	565169
1151	73578	565126
1152	73642	565063
1153	73712	565044
1154	73766	564903
1155	73828	564828
1156	73899	564818
1157	73961	564735
1158	74029	564705
1159	74087	564594
1160	74153	564550
1161	74217	564487
1162	74289	564481
1163	74358	564457
1164	74424	564412
1165	74484	564321
1166	74538	564183
1167	74603	564127
1168	74667	564058
1169	74726	563959
1170	74783	563842
1171	74846	563773
1172	74909	563704
1173	74973	563640
1174	75039	563592
1175	75102	563521
1176	75160	563420
1177	75224	563349
1178	75283	563256
1179	75358	563275
1180	75424	563228
1181	75492	563195
1182	75552	563097
1183	75617	563044
1184	75685	563010
1185	75750	562955
1186	75815	562899
1187	75884	562872
1188	75944	562778
1189	76004	562685
1190	76073	562665
1191	76143	562646
1192	76213	562623
1193	76285	562623
1194	76341	562498
1195	76401	562407
1196	76463	562330
1197	76532	562301
1198	76589	562188
1199	76644	562059
1200	76710	562012
1201	76777	561969
1202	76851	561979
1203	76906	561852
1204	76980	561861
1205	77048	561826
1206	77118	561808
1207	77175	561694
1208	77241	561642
1209	77307	561599
1210	77364	561486
1211	77418	561346
1212	77480	561267
1213	77540	561181
1214	77600	561086
1215	77661	560999
1216	77725	560939
1217	77783	560832
1218	77850	560788
1219	77913	560719
1220	77979	560672
1221	78046	560628
1222	78106	560541
1223	78167	560454
1224	78230	560387
1225	78290	560291
1226	78357	560255
1227	78416	560153
1228	78476	560062
1229	78539	559993
1230	78604	559936
1231	78670	559891
1232	78731	559808
1233	78795	559744
1234	78863	559705
1235	78924	559623
1236	78982	559518
1237	79052	559499
1238	79108	559378
1239	79171	559306
1240	79241	559285
1241	79304	559217
1242	79365	559134
1243	79430	559075
1244	79494	559015
1245	79557	558945
1246	79627	558925
1247	79681	558790
1248	79734	558652
1249	79802	558618
1250	79869	558576
1251	79920	558422
1252	79974	558287
1253	80036	558210
1254	80089	558076
1255	80156	558033
1256	80218	557956
1257	80283	557898
1258	80339	557783
1259	80395	557660
1260	80462	557624
1261	80527	557565
1262	80588	557484
1263	80647	557389
1264	80712	557328
1265	80771	557233
1266	80833	557155
1267	80887	557028
1268	80955	556989
1269	81021	556946
1270	81081	556853
1271	81148	556811
1272	81211	556738
1273	81274	556670
1274	81340	556624
1275	81395	556497
1276	81452	556392
1277	81521	556358
1278	81577	556241
1279	81643	556197
1280	81713	556173
1281	81776	556104
1282	81835	556011
1283	81895	555918
1284	81957	555844
1285	82026	555817
1286	82092	555769
1287	82157	555709
1288	82220	555640
1289	82287	555603
1290	82353	555551
1291	82410	555441
1292	82482	555436
1293	82548	555385
1294	82615	555342
1295	82683	555304
1296	82739	555188
1297	82803	555125
1298	82863	555041
1299	82927	554979
1300	82991	554917
1301	83065	554921
1302	83126	554834
1303	83195	554808
1304	83263	554769
1305	83327	554707
1306	83391	554646
1307	83452	554562
1308	83515	554495
1309	83577	554416
1310	83640	554348
1311	83703	554281
1312	83767	554218
1313	83823	554103
1314	83889	554055
1315	83951	553977
1316	84013	553903
1317	84077	553842
1318	84142	553784
1319	84208	553737
1320	84272	553672
1321	84335	553604
1322	84390	553479
1323	84449	553385
1324	84513	553321
1325	84581	553284
1326	84649	553254
1327	84714	553195
1328	84775	553111
1329	84834	553017
1330	84895	552938
1331	84967	552927
1332	85035	552891
1333	85102	552848
1334	85171	552816
1335	85238	552773
1336	85306	552735
1337	85379	552731
1338	85438	552636
1339	85499	552557
1340	85558	552461
1341	85617	552369
1342	85674	552258
1343	85736	552186
1344	85795	552091
1345	85854	551992
1346	85918	551934
1347	85986	551895
1348	86052	551847
1349	86118	551795
1350	86185	551752
1351	86240	551635
1352	86304	551568
1353	86364	551482
1354	86430	551431
1355	86492	551358
1356	86554	551282
1357	86617	551212
1358	86683	551161
1359	86748	551107
1360	86813	551052
1361	86867	550925
1362	86928	550844
1363	86996	550808
1364	87058	550731
1365	87120	550659
1366	87188	550620
1367	87254	550571
1368	87321	550529
1369	87379	550426
1370	87440	550344
1371	87493	550215
1372	87555	550142
1373	87625	550113
1374	87685	550024
1375	87750	549970
1376	87813	549903
1377	87875	549827
1378	87935	549737
1379	87989	549617
1380	88058	549586
1381	88122	549525
1382	88188	549474
1383	88249	549390
1384	88316	549346
1385	88376	549259
1386	88438	549186
1387	88503	549131
1388	88573	549103
1389	88635	549031
1390	88704	548995
1391	88761	548890
1392	88817	548780
1393	88892	548784
1394	88960	548751
1395	89012	548613
1396	89070	548510
1397	89134	548449
1398	89198	548388
1399	89254	548279
1400	89317	548210
1401	89382	548152
1402	89446	548088
1403	89511	548033
1404	89580	548006
1405	89652	547988
1406	89716	547926
1407	89774	547827
1408	89836	547756
1409	89902	547702
1410	89968	547655
1411	90030	547581
1412	90095	547524
1413	90155	547434
1414	90221	547387
1415	90289	547345
1416	90354	547293
1417	90407	547165
1418	90481	547162
1419	90548	547118
1420	90604	547004
1421	90668	546943
1422	90728	546858
1423	90781	546729
1424	90848	546686
1425	90906	546588
1426	90978	546575
1427	91036	546475
1428	91096	546390
1429	91162	546340
1430	91217	546221
1431	91283	546168
1432	91345	546097
1433	91407	546022
1434	91474	545978
1435	91543	545945
1436	91597	545823
1437	91661	545761
1438	91726	545708
1439	91787	545624
1440	91854	545582
1441	91924	545556
1442	91987	545485
1443	92051	545425
1444	92115	545364
1445	92176	545280
1446	92239	545216
1447	92304	545159
1448	92367	545088
1449	92424	544987
1450	92481	544879
1451	92539	544784
1452	92608	544754
1453	92676	544712
1454	92745	544680
1455	92809	544618
1456	92875	544567
1457	92949	544564
1458	93014	544506
1459	93078	544446
1460	93142	544381
1461	93195	544258
1462	93258	544190
1463	93325	544141
1464	93393	544105
1465	93456	544034
1466	93524	543995
1467	93594	543971
1468	93661	543924
1469	93724	543859
1470	93786	543783
1471	93846	543697
1472	93909	543629
1473	93977	543592
1474	94033	543482
1475	94090	543381
1476	94153	543310
1477	94214	543233
1478	94282	543189
1479	94347	543137
1480	94406	543046
1481	94471	542985
1482	94535	542925
1483	94597	542851
1484	94658	542772
1485	94724	542719
1486	94778	542604
1487	94841	542534
1488	94906	542478
1489	94973	542430
1490	95034	542354
1491	95086	542221
1492	95152	542173
1493	95216	542107
1494	95284	542069
1495	95341	541968
1496	95403	541895
1497	95463	541808
1498	95529	541758
1499	95587	541661
1500	95657	541637
1501	95729	541619
1502	95786	541513
1503	95844	541421
1504	95913	541386
1505	95981	541346
1506	96045	541282
1507	96110	541227
1508	96172	541151
1509	96240	541111
1510	96298	541016
1511	96366	540976
1512	96431	540919
1513	96492	540843
1514	96562	540811
1515	96615	540688
1516	96669	540573
1517	96730	540490
1518	96796	540443
1519	96861	540383
1520	96930	540348
1521	97000	540320
1522	97065	540264
1523	97133	540222
1524	97197	540160
1525	97257	540080
1526	97324	540034
1527	97390	539981
1528	97453	539915
1529	97519	539860
1530	97581	539790
1531	97638	539689
1532	97699	539608
1533	97762	539541
1534	97830	539503
1535	97889	539409
1536	97950	539331
1537	98020	539306
1538	98077	539205
1539	98141	539139
1540	98203	539066
1541	98267	539006
1542	98331	538941
1543	98391	538857
1544	98462	538833
1545	98524	538764
1546	98593	538729
1547	98658	538670
1548	98720	538599
1549	98782	538525
1550	98846	538464
1551	98909	538393
1552	98961	538264
1553	99026	538209
1554	99084	538113
1555	99148	538052
1556	99214	538000
1557	99287	537989
1558	99349	537914
1559	99415	537864
1560	99483	537824
1561	99548	537766
1562	99618	537733
1563	99688	537705
1564	99749	537625
1565	99803	537513
1566	99868	537453
1567	99923	537342
1568	99992	537310
1569	100059	537263
1570	100128	537226
1571	100196	537187
1572	100254	537091
1573	100317	537025
1574	100380	536954
1575	100447	536910
1576	100510	536844
1577	100578	536799
1578	100641	536733
1579	100701	536648
1580	100759	536553
1581	100821	536480
1582	100880	536393
1583	100932	536265
1584	100993	536187
1585	101052	536101
1586	101121	536062
1587	101185	536000
1588	101250	535945
1589	101315	535886
1590	101390	535884
1591	101443	535765
1592	101502	535676
1593	101571	535642
1594	101638	535592
1595	101696	535501
1596	101759	535430
1597	101826	535387
1598	101891	535329
1599	101962	535303
1600	102028	535251
1601	102098	535221
1602	102159	535140
1603	102220	535066
1604	102297	535071
1605	102362	535014
1606	102432	534979
1607	102495	534912
1608	102562	534866
1609	102628	534816
1610	102685	534716
1611	102754	534682
1612	102821	534635
1613	102894	534615
1614	102965	534594
1615	103028	534524
1616	103093	534465
1617	103161	534425
1618	103224	534359
1619	103291	534312
1620	103363	534289
1621	103433	534256
1622	103487	534141
1623	103552	534084
1624	103620	534044
1625	103687	533999
1626	103752	533940
1627	103815	533871
1628	103879	533810
1629	103952	533794
1630	104012	533711
1631	104078	533655
1632	104143	533597
1633	104211	533557
1634	104279	533513
1635	104340	533435
1636	104399	533348
1637	104466	533303
1638	104531	533242
1639	104597	533193
1640	104665	533151
1641	104731	533095
1642	104792	533017
1643	104854	532944
1644	104915	532866
1645	104985	532838
1646	105050	532776
1647	105114	532716
1648	105187	532701
1649	105253	532644
1650	105310	532549
1651	105379	532509
1652	105449	532480
1653	105506	532380
1654	105581	532370
1655	105649	532333
1656	105710	532253
1657	105783	532233
1658	105836	532117
1659	105902	532066
1660	105966	532000
1661	106031	531945
1662	106093	531869
1663	106154	531794
1664	106212	531701
1665	106274	531626
1666	106330	531525
1667	106395	531467
1668	106458	531399
1669	106531	531380
1670	106595	531317
1671	106655	531238
1672	106720	531178
1673	106783	531112
1674	106846	531041
1675	106909	530975
1676	106975	530922
1677	107031	530821
1678	107093	530746
1679	107159	530692
1680	107223	530632
1681	107291	530590
1682	107359	530544
1683	107424	530488
1684	107487	530421
1685	107549	530348
1686	107621	530326
1687	107682	530246
1688	107743	530167
1689	107812	530132
1690	107870	530036
1691	107929	529951
1692	107992	529883
1693	108056	529820
1694	108111	529712
1695	108179	529672
1696	108243	529607
1697	108313	529575
1698	108381	529531
1699	108442	529456
1700	108506	529391
1701	108573	529344
1702	108638	529285
1703	108697	529199
1704	108767	529163
1705	108827	529083
1706	108889	529011
1707	108960	528983
1708	109022	528910
1709	109092	528877
1710	109167	528863
1711	109230	528796
1712	109292	528724
1713	109354	528651
1714	109410	528551
1715	109479	528512
1716	109548	528472
1717	109609	528396
1718	109673	528331
1719	109737	528271
1720	109802	528214
1721	109872	528176
1722	109938	528124
1723	110004	528073
1724	110067	528002
1725	110140	527986
1726	110196	527885
1727	110260	527818
1728	110326	527766
1729	110399	527749
1730	110470	527720
1731	110534	527655
1732	110603	527614
1733	110670	527569
1734	110739	527526
1735	110806	527479
1736	110861	527372
1737	110924	527308
1738	110988	527241
1739	111061	527223
1740	111121	527142
1741	111182	527065
1742	111252	527030
1743	111318	526976
1744	111389	526944
1745	111452	526878
1746	111512	526798
1747	111578	526741
1748	111639	526667
1749	111701	526590
1750	111766	526534
1751	111829	526467
1752	111900	526436
1753	111966	526385
1754	112041	526372
1755	112103	526297
1756	112163	526216
1757	112234	526188
1758	112299	526126
1759	112366	526080
1760	112431	526022
1761	112501	525988
1762	112565	525921
1763	112629	525859
1764	112691	525788
1765	112747	525688
1766	112810	525619
1767	112869	525531
1768	112938	525490
1769	112998	525408
1770	113060	525339
1771	113124	525276
1772	113184	525195
1773	113250	525141
1774	113314	525075
1775	113372	524987
1776	113432	524905
1777	113502	524871
1778	113570	524823
1779	113632	524754
1780	113703	524723
1781	113772	524681
1782	113834	524609
1783	113897	524541
1784	113960	524475
1785	114026	524417
1786	114093	524371
1787	114162	524331
1788	114229	524281
1789	114298	524239
1790	114353	524137
1791	114416	524070
1792	114479	524002
1793	114543	523937
1794	114608	523880
1795	114674	523825
1796	114743	523783
1797	114812	523742
1798	114873	523666
1799	114942	523625
1800	115001	523539
1801	115062	523462
1802	115124	523392
1803	115187	523323
1804	115250	523255
1805	115313	523188
1806	115380	523137
1807	115451	523108
1808	115522	523074
1809	115588	523023
1810	115658	522984
1811	115725	522935
1812	115795	522899
1813	115863	522854
1814	115923	522772
1815	115988	522716
1816	116056	522667
1817	116112	522568
1818	116171	522485
1819	116241	522449
1820	116303	522377
1821	116369	522322
1822	116432	522255
1823	116495	522184
1824	116558	522118
1825	116619	522041
1826	116684	521983
1827	116748	521921
1828	116815	521870
1829	116872	521775
1830	116926	521667
1831	116981	521561
1832	117038	521467
1833	117101	521401
1834	117165	521339
1835	117227	521266
1836	117293	521212
1837	117353	521131
1838	117416	521061
1839	117476	520981
1840	117546	520944
1841	117605	520859
1842	117669	520796
1843	117736	520747
1844	117803	520696
1845	117868	520638
1846	117937	520599
1847	118004	520549
1848	118064	520468
1849	118135	520432
1850	118208	520410
1851	118273	520352
1852	118343	520313
1853	118405	520243
1854	118464	520158
1855	118529	520097
1856	118587	520009
1857	118648	519934
1858	118710	519859
1859	118778	519817
1860	118836	519727
1861	118895	519641
1862	118954	519556
1863	119014	519476
1864	119082	519430
1865	119154	519400
1866	119217	519334
1867	119293	519321
1868	119358	519263
1869	119417	519179
1870	119478	519100
1871	119544	519047
1872	119598	518939
1873	119667	518898
1874	119735	518854
1875	119797	518782
1876	119854	518688
1877	119918	518625
1878	119977	518542
1879	120039	518469
1880	120098	518385
1881	120166	518335
1882	120231	518278
1883	120293	518205
1884	120356	518139
1885	120415	518054
1886	120485	518016
1887	120545	517938
1888	120620	517922
1889	120682	517847
1890	120743	517771
1891	120806	517703
1892	120876	517668
1893	120931	517568
1894	120993	517496
1895	121058	517434
1896	121117	517350
1897	121175	517263
1898	121245	517222
1899	121309	517160
1900	121376	517112
1901	121443	517059
1902	121502	516975
1903	121561	516892
1904	121618	516796
1905	121689	516764
1906	121754	516706
1907	121817	516639
1908	121887	516600
1909	121956	516559
1910	122030	516539
1911	122105	516520
1912	122176	516487
1913	122245	516444
1914	122313	516399
1915	122382	516356
1916	122445	516288
1917	122507	516218
1918	122570	516149
1919	122627	516055
1920	122683	515958
1921	122736	515850
1922	122802	515797
1923	122867	515736
1924	122938	515704
1925	123007	515661
1926	123080	515636
1927	123143	515567
1928	123210	515516
1929	123277	515467
1930	123337	515384
1931	123391	515282
1932	123460	515237
1933	123528	515191
1934	123600	515163
1935	123662	515089
1936	123727	515032
1937	123796	514989
1938	123856	514907
1939	123918	514835
1940	123981	514770
1941	124043	514697
1942	124108	514637
1943	124179	514604
1944	124244	514544
1945	124312	514498
1946	124370	514407
1947	124436	514355
1948	124504	514307
1949	124563	514225
1950	124635	514192
1951	124698	514126
1952	124761	514057
1953	124830	514017
1954	124888	513927
1955	124954	513872
1956	125016	513801
1957	125079	513734
1958	125142	513665
1959	125205	513599
1960	125265	513518
1961	125337	513489
1962	125400	513420
1963	125465	513360
1964	125521	513264
1965	125586	513204
1966	125652	513151
1967	125720	513101
1968	125792	513071
1969	125860	513024
1970	125923	512958
1971	125994	512921
1972	126060	512869
1973	126119	512785
1974	126190	512750
1975	126254	512684
1976	126320	512629
1977	126384	512568
1978	126452	512520
1979	126518	512462
1980	126588	512425
1981	126650	512354
1982	126715	512294
1983	126778	512225
1984	126847	512183
1985	126905	512093
1986	126970	512034
1987	127033	511969
1988	127101	511918
1989	127160	511837
1990	127223	511768
1991	127291	511722
1992	127356	511663
1993	127417	511585
1994	127480	511521
1995	127542	511449
1996	127610	511400
1997	127671	511323
1998	127730	511241
1999	127792	511171
2000	127864	511139
2001	127928	511074
2002	127993	511016
2003	128060	510963
2004	128123	510895
2005	128181	510808
2006	128244	510740
2007	128304	510663
2008	128379	510641
2009	128448	510597
2010	128510	510527
2011	128566	510431
2012	128624	510346
2013	128681	510253
2014	128748	510200
2015	128811	510133
2016	128880	510091
2017	128943	510022
2018	129003	509943
2019	129065	509874
2020	129123	509787
2021	129190	509733
2022	129251	509659
2023	129315	509594
2024	129383	509545
2025	129447	509483
2026	129510	509416
2027	129570	509335
2028	129636	509280
2029	129704	509232
2030	129764	509156
2031	129828	509092
2032	129886	509003
2033	129942	508908
2034	130002	508829
2035	130055	508725
2036	130120	508664
2037	130186	508610
2038	130251	508550
2039	130314	508480
2040	130374	508401
2041	130444	508361
2042	130514	508322
2043	130578	508258
2044	130648	508217
2045	130714	508162
2046	130782	508114
2047	130846	508053
2048	130909	507984
2049	130976	507932
2050	131042	507876
2051	131101	507793
2052	131165	507731
2053	131233	507683
2054	131301	507634
2055	131365	507571
2056	131424	507488
2057	131491	507437
2058	131550	507355
2059	131616	507299
2060	131680	507234
2061	131745	507174
2062	131803	507087
2063	131868	507028
2064	131941	507001
2065	132015	506977
2066	132078	506907
2067	132129	506793
2068	132205	506775
2069	132275	506735
2070	132337	506665
2071	132404	506613
2072	132462	506527
2073	132517	506427
2074	132580	506362
2075	132644	506298
2076	132708	506232
2077	132780	506202
2078	132844	506138
2079	132904	506057
2080	132971	506007
2081	133030	505926
2082	133096	505868
2083	133163	505818
2084	133222	505734
2085	133285	505665
2086	133353	505619
2087	133418	505560
2088	133489	505520
2089	133545	505428
2090	133615	505385
2091	133680	505327
2092	133743	505260
2093	133813	505219
2094	133876	505153
2095	133939	505084
2096	134007	505034
2097	134067	504957
2098	134135	504909
2099	134194	504826
2100	134261	504774
2101	134334	504746
2102	134407	504713
2103	134478	504677
2104	134533	504579
2105	134598	504522
2106	134666	504470
2107	134724	504384
2108	134792	504337
2109	134864	504302
2110	134937	504273
2111	135005	504226
2112	135072	504171
2113	135142	504132
2114	135207	504071
2115	135271	504007
2116	135334	503942
2117	135401	503887
2118	135467	503829
2119	135539	503797
2120	135605	503740
2121	135678	503710
2122	135740	503639
2123	135800	503562
2124	135857	503471
2125	135929	503436
2126	135987	503350
2127	136054	503298
2128	136107	503195
2129	136178	503158
2130	136251	503127
2131	136323	503092
2132	136381	503005
2133	136445	502943
2134	136515	502901
2135	136578	502835
2136	136644	502775
2137	136709	502718
2138	136775	502660
2139	136838	502595
2140	136888	502479
2141	136953	502418
2142	137023	502377
2143	137089	502321
2144	137142	502216
2145	137196	502117
2146	137259	502047
2147	137324	501989
2148	137387	501920
2149	137444	501833
2150	137502	501745
2151	137572	501705
2152	137641	501659
2153	137706	501599
2154	137768	501527
2155	137838	501487
2156	137897	501406
2157	137969	501369
2158	138038	501323
2159	138102	501262
2160	138167	501202
2161	138230	501134
2162	138293	501067
2163	138354	500992
2164	138419	500931
2165	138483	500867
2166	138551	500819
2167	138624	500787
2168	138689	500726
2169	138755	500671
2170	138818	500601
2171	138883	500542
2172	138942	500462
2173	139008	500404
2174	139071	500336
2175	139136	500276
2176	139205	500232
2177	139268	500163
2178	139329	500088
2179	139388	500007
2180	139445	499919
2181	139511	499864
2182	139576	499801
2183	139638	499731
2184	139696	499646
2185	139759	499579
2186	139832	499546
2187	139893	499473
2188	139952	499393
2189	140022	499348
2190	140088	499294
2191	140152	499230
2192	140215	499160
2193	140274	499081
2194	140337	499012
2195	140398	498939
2196	140466	498887
2197	140528	498818
2198	140589	498744
2199	140651	498674
2200	140718	498620
2201	140788	498578
2202	140850	498506
2203	140910	498428
2204	140982	498394
2205	141047	498332
2206	141115	498285
2207	141186	498244
2208	141258	498210
2209	141330	498172
2210	141399	498126
2211	141462	498059
2212	141529	498005
2213	141597	497957
2214	141661	497893
2215	141715	497793
2216	141778	497728
2217	141841	497661
2218	141907	497604
2219	141974	497551
2220	142034	497472
2221	142103	497426
2222	142172	497381
2223	142241	497334
2224	142306	497274
2225	142379	497239
2226	142451	497203
2227	142515	497139
2228	142580	497080
2229	142646	497024
2230	142706	496945
2231	142771	496885
2232	142831	496808
2233	142895	496743
2234	142962	496689
2235	143031	496643
2236	143094	496577
2237	143151	496490
2238	143215	496426
2239	143274	496344
2240	143341	496288
2241	143407	496234
2242	143472	496172
2243	143538	496116
2244	143602	496053
2245	143670	496003
2246	143740	495959
2247	143808	495910
2248	143876	495858
2249	143933	495769
2250	144002	495722
2251	144070	495674
2252	144135	495613
2253	144201	495555
2254	144271	495512
2255	144338	495459
2256	144401	495392
2257	144455	495293
2258	144519	495231
2259	144577	495147
2260	144639	495073
2261	144704	495013
2262	144772	494963
2263	144835	494897
2264	144897	494826
2265	144957	494748
2266	145031	494720
2267	145086	494625
2268	145152	494568
2269	145223	494526
2270	145290	494472
2271	145343	494372
2272	145401	494287
2273	145467	494232
2274	145530	494163
2275	145594	494100
2276	145651	494014
2277	145720	493966
2278	145786	493907
2279	145854	493857
2280	145930	493833
2281	145996	493779
2282	146058	493708
2283	146118	493629
2284	146185	493576
2285	146242	493489
2286	146305	493422
2287	146370	493361
2288	146434	493298
2289	146495	493224
2290	146564	493175
2291	146632	493123
2292	146688	493034
2293	146754	492976
2294	146817	492911
2295	146881	492846
2296	146945	492781
2297	147013	492731
2298	147083	492687
2299	147152	492639
2300	147225	492606
2301	147285	492529
2302	147343	492444
2303	147414	492403
2304	147476	492334
2305	147539	492268
2306	147605	492211
2307	147673	492161
2308	147739	492103
2309	147809	492059
2310	147879	492013
2311	147945	491956
2312	148007	491885
2313	148076	491840
2314	148137	491766
2315	148204	491711
2316	148271	491656
2317	148339	491608
2318	148413	491575
2319	148477	491510
2320	148547	491466
2321	148618	491425
2322	148693	491399
2323	148768	491369
2324	148835	491316
2325	148897	491246
2326	148966	491198
2327	149031	491137
2328	149096	491078
2329	149169	491042
2330	149238	490995
2331	149306	490944
2332	149374	490893
2333	149441	490839
2334	149502	490766
2335	149570	490713
2336	149642	490675
2337	149707	490613
2338	149775	490564
2339	149835	490488
2340	149893	490401
2341	149963	490357
2342	150026	490290
2343	150085	490212
2344	150154	490161
2345	150222	490111
2346	150283	490038
2347	150351	489988
2348	150416	489927
2349	150481	489864
2350	150540	489785
2351	150595	489690
2352	150659	489626
2353	150719	489551
2354	150774	489458
2355	150836	489387
2356	150894	489301
2357	150952	489217
2358	151016	489154
2359	151078	489083
2360	151144	489027
2361	151197	488926
2362	151270	488891
2363	151348	488873
2364	151409	488800
2365	151470	488727
2366	151526	488636
2367	151591	488575
2368	151660	488528
2369	151733	488492
2370	151802	488443
2371	151875	488410
2372	151940	488348
2373	152004	488284
2374	152066	488213
2375	152129	488144
2376	152188	488065
2377	152251	487999
2378	152328	487974
2379	152390	487904
2380	152457	487851
2381	152522	487790
2382	152592	487744
2383	152648	487655
2384	152717	487608
2385	152782	487546
2386	152852	487502
2387	152925	487466
2388	152997	487427
2389	153064	487371
2390	153130	487315
2391	153188	487230
2392	153257	487181
2393	153320	487117
2394	153389	487068
2395	153463	487034
2396	153539	487009
2397	153593	486911
2398	153665	486874
2399	153732	486819
2400	153797	486759
2401	153859	486687
2402	153924	486626
2403	153990	486568
2404	154059	486520
2405	154124	486457
2406	154198	486427
2407	154268	486381
2408	154330	486310
2409	154396	486251
2410	154460	486189
2411	154518	486105
2412	154578	486028
2413	154641	485961
2414	154711	485916
2415	154786	485885
2416	154842	485796
2417	154916	485762
2418	154978	485693
2419	155042	485629
2420	155116	485597
2421	155172	485506
2422	155239	485450
2423	155305	485392
2424	155373	485341
2425	155437	485277
2426	155505	485226
2427	155566	485151
2428	155635	485102
2429	155703	485051
2430	155764	484979
2431	155821	484892
2432	155881	484815
2433	155949	484763
2434	156016	484709
2435	156077	484633
2436	156153	484608
2437	156217	484543
2438	156281	484478
2439	156342	484405
2440	156406	484339
2441	156464	484259
2442	156525	484185
2443	156593	484134
2444	156660	484078
2445	156725	484017
2446	156792	483960
2447	156863	483919
2448	156929	483862
2449	156998	483813
2450	157067	483763
2451	157139	483723
2452	157197	483641
2453	157262	483578
2454	157328	483519
2455	157392	483455
2456	157456	483390
2457	157521	483331
2458	157593	483291
2459	157658	483228
2460	157723	483169
2461	157786	483100
2462	157851	483038
2463	157913	482968
2464	157973	482891
2465	158036	482826
2466	158109	482787
2467	158167	482704
2468	158232	482643
2469	158294	482573
2470	158360	482516
2471	158423	482447
2472	158486	482379
2473	158544	482297
2474	158606	482227
2475	158672	482170
2476	158735	482102
2477	158790	482011
2478	158853	481944
2479	158912	481864
2480	158984	481824
2481	159052	481770
2482	159117	481709
2483	159185	481657
2484	159252	481601
2485	159312	481526
2486	159381	481478
2487	159448	481422
2488	159507	481343
2489	159571	481277
2490	159631	481201
2491	159691	481123
2492	159754	481056
2493	159814	480982
2494	159880	480924
2495	159946	480866
2496	160013	480808
2497	160077	480744
2498	160135	480663
2499	160196	480590
2500	160259	480522
2501	160328	480472
2502	160390	480403
2503	160453	480336
2504	160522	480286
2505	160578	480197
2506	160648	480151
2507	160716	480100
2508	160783	480043
2509	160855	480003
2510	160922	479947
2511	160986	479883
2512	161056	479836
2513	161124	479785
2514	161192	479732
2515	161256	479668
2516	161330	479634
2517	161396	479573
2518	161453	479488
2519	161507	479393
2520	161569	479324
2521	161633	479259
2522	161697	479196
2523	161777	479178
2524	161845	479127
2525	161909	479060
2526	161977	479010
2527	162045	478957
2528	162114	478907
2529	162184	478860
2530	162253	478812
2531	162321	478758
2532	162382	478686
2533	162448	478627
2534	162514	478568
2535	162580	478511
2536	162645	478447
2537	162713	478396
2538	162780	478339
2539	162847	478284
2540	162919	478244
2541	162982	478175
2542	163052	478130
2543	163120	478076
2544	163186	478018
2545	163251	477957
2546	163321	477909
2547	163391	477861
2548	163455	477798
2549	163519	477732
2550	163592	477695
2551	163658	477637
2552	163729	477592
2553	163793	477528
2554	163853	477450
2555	163910	477366
2556	163966	477279
2557	164031	477216
2558	164098	477161
2559	164157	477081
2560	164224	477027
2561	164286	476956
2562	164356	476910
2563	164424	476856
2564	164482	476773
2565	164547	476713
2566	164606	476635
2567	164673	476578
2568	164726	476481
2569	164788	476411
2570	164858	476365
2571	164924	476306
2572	164985	476233
2573	165053	476180
2574	165125	476137
2575	165186	476064
2576	165253	476008
2577	165313	475933
2578	165380	475878
2579	165446	475819
2580	165516	475772
2581	165587	475728
2582	165646	475648
2583	165714	475594
2584	165776	475524
2585	165837	475453
2586	165899	475382
2587	165962	475313
2588	166023	475241
2589	166098	475209
2590	166166	475156
2591	166237	475109
2592	166297	475035
2593	166361	474969
2594	166427	474911
2595	166491	474846
2596	166558	474792
2597	166614	474704
2598	166682	474649
2599	166739	474566
2600	166803	474502
2601	166870	474445
2602	166935	474385
2603	167002	474327
2604	167067	474266
2605	167134	474209
2606	167199	474149
2607	167268	474097
2608	167332	474034
2609	167395	473966
2610	167460	473905
2611	167526	473846
2612	167594	473793
2613	167660	473735
2614	167731	473689
2615	167797	473629
2616	167864	473573
2617	167926	473503
2618	167980	473412
2619	168043	473342
2620	168102	473265
2621	168172	473217
2622	168237	473156
2623	168303	473096
2624	168372	473046
2625	168431	472966
2626	168498	472911
2627	168562	472846
2628	168623	472774
2629	168681	472693
2630	168745	472627
2631	168810	472567
2632	168878	472514
2633	168940	472443
2634	169005	472382
2635	169059	472289
2636	169125	472230
2637	169190	472168
2638	169260	472121
2639	169316	472034
2640	169381	471972
2641	169450	471920
2642	169511	471850
2643	169575	471783
2644	169638	471716
2645	169707	471666
2646	169771	471600
2647	169835	471536
2648	169904	471485
2649	169973	471435
2650	170038	471375
2651	170097	471295
2652	170160	471227
2653	170224	471164
2654	170289	471102
2655	170352	471036
2656	170415	470968
2657	170480	470906
2658	170546	470846
2659	170613	470789
2660	170682	470738
2661	170752	470692
2662	170823	470646
2663	170886	470579
2664	170950	470515
2665	171006	470428
2666	171059	470334
2667	171127	470278
2668	171189	470209
2669	171256	470154
2670	171323	470098
2671	171381	470015
2672	171442	469944
2673	171511	469892
2674	171581	469844
2675	171652	469798
2676	171722	469750
2677	171782	469674
2678	171847	469613
2679	171912	469551
2680	171980	469498
2681	172050	469451
2682	172116	469391
2683	172188	469348
2684	172246	469267
2685	172307	469195
2686	172375	469142
2687	172441	469081
2688	172505	469017
2689	172569	468951
2690	172637	468899
2691	172703	468839
2692	172776	468798
2693	172843	468742
2694	172911	468689
2695	172981	468641
2696	173048	468583
2697	173117	468534
2698	173181	468470
2699	173244	468401
2700	173306	468332
2701	173378	468289
2702	173450	468244
2703	173513	468177
2704	173575	468109
2705	173639	468044
2706	173702	467976
2707	173762	467899
2708	173823	467828
2709	173893	467779
2710	173959	467721
2711	174026	467665
2712	174082	467577
2713	174140	467498
2714	174201	467423
2715	174265	467359
2716	174333	467306
2717	174397	467242
2718	174460	467174
2719	174517	467091
2720	174584	467034
2721	174650	466974
2722	174714	466910
2723	174770	466824
2724	174831	466750
2725	174889	466670
2726	174950	466598
2727	175021	466552
2728	175097	466519
2729	175164	466464
2730	175223	466387
2731	175283	466310
2732	175350	466254
2733	175418	466200
2734	175485	466143
2735	175544	466064
2736	175603	465987
2737	175661	465908
2738	175719	465826
2739	175786	465770
2740	175860	465732
2741	175927	465676
2742	175992	465613
2743	176057	465551
2744	176117	465477
2745	176177	465400
2746	176244	465345
2747	176302	465264
2748	176371	465211
2749	176428	465129
2750	176495	465071
2751	176557	465003
2752	176625	464948
2753	176702	464919
2754	176765	464852
2755	176828	464784
2756	176894	464726
2757	176953	464647
2758	177008	464560
2759	177079	464511
2760	177139	464438
2761	177202	464371
2762	177265	464303
2763	177330	464240
2764	177392	464172
2765	177449	464088
2766	177513	464024
2767	177571	463944
2768	177637	463883
2769	177697	463810
2770	177759	463739
2771	177828	463687
2772	177886	463607
2773	177950	463544
2774	178009	463467
2775	178073	463402
2776	178130	463318
2777	178184	463228
2778	178249	463166
2779	178317	463112
2780	178383	463053
2781	178449	462993
2782	178520	462946
2783	178579	462869
2784	178642	462802
2785	178704	462733
2786	178769	462670
2787	178833	462606
2788	178898	462545
2789	178966	462490
2790	179033	462433
2791	179093	462359
2792	179164	462313
2793	179223	462236
2794	179284	462162
2795	179350	462104
2796	179425	462066
2797	179496	462019
2798	179562	461960
2799	179621	461882
2800	179684	461816
2801	179753	461764
2802	179811	461685
2803	179872	461612
2804	179940	461559
2805	180004	461493
2806	180071	461436
2807	180131	461361
2808	180196	461299
2809	180253	461217
2810	180316	461150
2811	180366	461051
2812	180430	460985
2813	180499	460933
2814	180565	460875
2815	180631	460815
2816	180691	460741
2817	180753	460671
2818	180817	460606
2819	180885	460553
2820	180951	460492
2821	181014	460425
2822	181078	460361
2823	181136	460282
2824	181205	460230
2825	181265	460155
2826	181335	460106
2827	181409	460067
2828	181472	459999
2829	181536	459935
2830	181606	459885
2831	181674	459830
2832	181733	459754
2833	181797	459689
2834	181857	459615
2835	181916	459538
2836	181986	459488
2837	182063	459457
2838	182134	459410
2839	182209	459373
2840	182277	459318
2841	182338	459247
2842	182403	459184
2843	182467	459118
2844	182526	459043
2845	182590	458977
2846	182661	458930
2847	182725	458866
2848	182791	458806
2849	182851	458733
2850	182912	458660
2851	182976	458597
2852	183048	458551
2853	183109	458479
2854	183180	458433
2855	183238	458353
2856	183301	458285
2857	183364	458219
2858	183426	458148
2859	183494	458094
2860	183567	458053
2861	183636	457999
2862	183702	457941
2863	183778	457905
2864	183847	457853
2865	183910	457786
2866	183972	457717
2867	184036	457651
2868	184105	457601
2869	184173	457545
2870	184243	457496
2871	184308	457434
2872	184379	457388
2873	184447	457331
2874	184511	457267
2875	184568	457186
2876	184635	457127
2877	184707	457082
2878	184771	457019
2879	184840	456966
2880	184911	456918
2881	184974	456852
2882	185035	456781
2883	185093	456701
2884	185153	456627
2885	185219	456567
2886	185288	456514
2887	185366	456485
2888	185435	456432
2889	185500	456370
2890	185562	456300
2891	185633	456252
2892	185697	456188
2893	185760	456121
2894	185826	456061
2895	185886	455986
2896	185954	455931
2897	186023	455878
2898	186101	455850
2899	186154	455758
2900	186222	455703
2901	186282	455628
2902	186341	455551
2903	186395	455463
2904	186462	455405
2905	186526	455341
2906	186597	455292
2907	186662	455229
2908	186722	455157
2909	186789	455098
2910	186852	455032
2911	186921	454980
2912	186992	454931
2913	187048	454847
2914	187107	454771
2915	187165	454692
2916	187231	454631
2917	187297	454570
2918	187350	454481
2919	187418	454426
2920	187486	454370
2921	187552	454309
2922	187615	454243
2923	187677	454173
2924	187744	454117
2925	187811	454059
2926	187878	454003
2927	187937	453926
2928	188002	453863
2929	188062	453788
2930	188119	453707
2931	188186	453648
2932	188246	453575
2933	188306	453500
2934	188356	453402
2935	188422	453344
2936	188489	453285
2937	188551	453216
2938	188619	453162
2939	188680	453090
2940	188747	453031
2941	188808	452961
2942	188871	452893
2943	188931	452820
2944	188997	452760
2945	189062	452697
2946	189131	452645
2947	189188	452564
2948	189252	452498
2949	189312	452425
2950	189375	452357
2951	189448	452314
2952	189517	452263
2953	189576	452186
2954	189649	452141
2955	189726	452108
2956	189797	452061
2957	189857	451986
2958	189920	451920
2959	189986	451858
2960	190055	451806
2961	190121	451746
2962	190181	451673
2963	190245	451608
2964	190310	451546
2965	190370	451473
2966	190436	451412
2967	190499	451344
2968	190566	451286
2969	190626	451213
2970	190699	451170
2971	190772	451127
2972	190845	451082
2973	190903	451004
2974	190961	450927
2975	191024	450857
2976	191084	450783
2977	191151	450727
2978	191217	450667
2979	191285	450612
2980	191349	450547
2981	191413	450482
2982	191483	450431
2983	191541	450352
2984	191609	450298
2985	191675	450239
2986	191740	450175
2987	191802	450105
2988	191862	450032
2989	191920	449953
2990	191974	449865
2991	192036	449797
2992	192106	449745
2993	192169	449678
2994	192238	449625
2995	192303	449563
2996	192365	449494
2997	192436	449446
2998	192495	449370
2999	192558	449302
3000	192627	449250
3001	192687	449177
3002	192749	449107
3003	192814	449045
3004	192886	448998
3005	192962	448962
3006	193027	448899
3007	193089	448830
3008	193155	448770
3009	193228	448727
3010	193292	448661
3011	193359	448604
3012	193426	448546
3013	193492	448486
3014	193557	448423
3015	193619	448355
3016	193688	448302
3017	193749	448231
3018	193821	448183
3019	193881	448109
3020	193943	448042
3021	194003	447967
3022	194071	447911
3023	194144	447868
3024	194207	447801
3025	194282	447761
3026	194349	447702
3027	194415	447642
3028	194482	447585
3029	194545	447519
3030	194607	447448
3031	194667	447375
3032	194729	447305
3033	194791	447238
3034	194852	447165
3035	194915	447099
3036	194983	447042
3037	195051	446987
3038	195115	446923
3039	195189	446881
3040	195253	446816
3041	195324	446767
3042	195393	446715
3043	195453	446640
3044	195525	446595
3045	195584	446518
3046	195663	446487
3047	195730	446430
3048	195793	446363
3049	195857	446299
3050	195924	446239
3051	195994	446190
3052	196052	446111
3053	196114	446042
3054	196177	445974
3055	196243	445914
3056	196305	445844
3057	196368	445777
3058	196435	445719
3059	196501	445660
3060	196556	445575
3061	196617	445503
3062	196680	445437
3063	196739	445360
3064	196808	445306
3065	196866	445229
3066	196918	445137
3067	196982	445072
3068	197042	444998
3069	197102	444924
3070	197162	444852
3071	197228	444792
3072	197298	444739
3073	197361	444672
3074	197430	444618
3075	197491	444548
3076	197548	444467
3077	197608	444394
3078	197665	444313
3079	197724	444238
3080	197793	444185
3081	197862	444130
3082	197928	444071
3083	197996	444015
3084	198057	443944
3085	198118	443872
3086	198180	443802
3087	198240	443731
3088	198302	443660
3089	198373	443612
3090	198439	443552
3091	198507	443495
3092	198574	443438
3093	198636	443369
3094	198708	443322
3095	198771	443255
3096	198835	443190
3097	198895	443117
3098	198949	443030
3099	199017	442975
3100	199082	442912
3101	199145	442844
3102	199210	442781
3103	199270	442708
3104	199340	442658
3105	199406	442598
3106	199474	442542
3107	199543	442488
3108	199606	442421
3109	199662	442338
3110	199723	442268
3111	199786	442200
3112	199852	442139
3113	199912	442067
3114	199979	442009
3115	200048	441954
3116	200117	441901
3117	200181	441838
3118	200245	441772
3119	200309	441708
3120	200373	441644
3121	200436	441577
3122	200508	441528
3123	200572	441463
3124	200647	441423
3125	200718	441374
3126	200786	441318
3127	200855	441265
3128	200920	441202
3129	200990	441152
3130	201067	441114
3131	201132	441053
3132	201195	440985
3133	201257	440916
3134	201319	440848
3135	201380	440776
3136	201446	440715
3137	201504	440638
3138	201572	440583
3139	201640	440526
3140	201701	440455
3141	201758	440375
3142	201820	440307
3143	201885	440244
3144	201945	440171
3145	202012	440112
3146	202083	440063
3147	202145	439993
3148	202207	439924
3149	202268	439853
3150	202338	439801
3151	202407	439747
3152	202474	439690
3153	202535	439619
3154	202604	439565
3155	202660	439483
3156	202727	439424
3157	202793	439364
3158	202863	439312
3159	202918	439229
3160	202987	439174
3161	203047	439101
3162	203119	439053
3163	203185	438992
3164	203247	438925
3165	203308	438853
3166	203373	438790
3167	203436	438723
3168	203497	438652
3169	203560	438585
3170	203626	438526
3171	203688	438456
3172	203751	438389
3173	203817	438328
3174	203881	438265
3175	203946	438203
3176	204012	438142
3177	204079	438083
3178	204140	438012
3179	204209	437959
3180	204270	437887
3181	204331	437817
3182	204399	437761
3183	204473	437717
3184	204532	437641
3185	204592	437569
3186	204661	437514
3187	204734	437468
3188	204799	437405
3189	204865	437346
3190	204930	437284
3191	204995	437221
3192	205059	437155
3193	205122	437089
3194	205190	437034
3195	205258	436977
3196	205323	436914
3197	205381	436836
3198	205446	436774
3199	205519	436729
3200	205588	436674
3201	205652	436610
3202	205721	436555
3203	205785	436492
3204	205852	436432
3205	205920	436376
3206	205981	436304
3207	206053	436258
3208	206110	436178
3209	206178	436121
3210	206251	436076
3211	206315	436011
3212	206381	435950
3213	206437	435870
3214	206504	435811
3215	206569	435748
3216	206643	435704
3217	206713	435653
3218	206782	435599
3219	206853	435548
3220	206920	435490
3221	206981	435419
3222	207049	435363
3223	207116	435304
3224	207186	435252
3225	207245	435176
3226	207304	435101
3227	207358	435015
3228	207421	434950
3229	207498	434910
3230	207558	434837
3231	207621	434771
3232	207677	434689
3233	207742	434627
3234	207811	434573
3235	207870	434497
3236	207934	434433
3237	208003	434378
3238	208067	434313
3239	208137	434261
3240	208201	434196
3241	208264	434130
3242	208325	434059
3243	208393	434004
3244	208451	433926
3245	208506	433841
3246	208570	433778
3247	208636	433717
3248	208698	433648
3249	208765	433589
3250	208834	433535
3251	208905	433485
3252	208961	433405
3253	209030	433349
3254	209086	433269
3255	209147	433196
3256	209202	433113
3257	209267	433051
3258	209336	432997
3259	209398	432928
3260	209463	432865
3261	209537	432821
3262	209612	432779
3263	209683	432729
3264	209745	432659
3265	209812	432602
3266	209878	432540
3267	209949	432490
3268	210014	432427
3269	210082	432372
3270	210149	432312
3271	210208	432237
3272	210265	432159
3273	210326	432087
3274	210394	432032
3275	210458	431967
3276	210527	431913
3277	210594	431852
3278	210654	431779
3279	210710	431699
3280	210772	431630
3281	210837	431567
3282	210911	431522
3283	210970	431448
3284	211037	431389
3285	211105	431333
3286	211172	431274
3287	211233	431204
3288	211295	431134
3289	211364	431080
3290	211423	431006
3291	211488	430942
3292	211556	430887
3293	211624	430828
3294	211685	430759
3295	211750	430696
3296	211821	430645
3297	211893	430597
3298	211954	430527
3299	212021	430467
3300	212088	430408
3301	212164	430368
3302	212228	430304
3303	212291	430238
3304	212358	430177
3305	212420	430110
3306	212484	430044
3307	212551	429986
3308	212612	429916
3309	212677	429852
3310	212740	429786
3311	212803	429718
3312	212862	429644
3313	212933	429593
3314	213002	429539
3315	213060	429461
3316	213124	429397
3317	213186	429328
3318	213255	429273
3319	213312	429194
3320	213368	429113
3321	213431	429046
3322	213489	428969
3323	213555	428909
3324	213630	428866
3325	213689	428793
3326	213754	428729
3327	213818	428664
3328	213885	428606
3329	213954	428551
3330	214012	428473
3331	214082	428422
3332	214148	428360
3333	214221	428315
3334	214288	428256
3335	214353	428192
3336	214417	428128
3337	214470	428042
3338	214536	427980
3339	214602	427919
3340	214673	427870
3341	214738	427807
3342	214798	427734
3343	214860	427665
3344	214921	427595
3345	214988	427536
3346	215058	427483
3347	215123	427420
3348	215179	427339
3349	215245	427278
3350	215311	427217
3351	215374	427150
3352	215442	427094
3353	215500	427017
3354	215569	426962
3355	215641	426914
3356	215700	426839
3357	215764	426773
3358	215834	426721
3359	215903	426667
3360	215974	426614
3361	216037	426547
3362	216102	426485
3363	216173	426435
3364	216242	426379
3365	216304	426310
3366	216366	426242
3367	216435	426187
3368	216504	426131
3369	216567	426066
3370	216633	426005
3371	216696	425937
3372	216764	425881
3373	216821	425803
3374	216896	425760
3375	216964	425702
3376	217034	425649
3377	217103	425594
3378	217159	425514
3379	217224	425451
3380	217290	425390
3381	217350	425318
3382	217420	425265
3383	217473	425178
3384	217536	425111
3385	217600	425048
3386	217665	424984
3387	217728	424917
3388	217792	424853
3389	217861	424798
3390	217934	424750
3391	217999	424687
3392	218063	424623
3393	218127	424558
3394	218184	424478
3395	218250	424419
3396	218315	424356
3397	218373	424279
3398	218438	424217
3399	218496	424140
3400	218567	424088
3401	218627	424016
3402	218697	423963
3403	218763	423901
3404	218831	423845
3405	218896	423783
3406	218965	423727
3407	219025	423654
3408	219088	423588
3409	219160	423538
3410	219231	423487
3411	219291	423415
3412	219359	423357
3413	219428	423303
3414	219497	423247
3415	219557	423175
3416	219620	423108
3417	219683	423041
3418	219750	422983
3419	219821	422931
3420	219882	422860
3421	219948	422799
3422	220005	422722
3423	220071	422660
3424	220144	422613
3425	220211	422553
3426	220277	422493
3427	220343	422432
3428	220413	422378
3429	220480	422319
3430	220550	422266
3431	220615	422203
3432	220686	422151
3433	220749	422084
3434	220821	422035
3435	220897	421994
3436	220960	421927
3437	221024	421862
3438	221086	421794
3439	221154	421735
3440	221217	421670
3441	221278	421599
3442	221350	421549
3443	221411	421479
3444	221463	421392
3445	221529	421330
3446	221587	421254
3447	221650	421187
3448	221709	421113
3449	221772	421045
3450	221841	420990
3451	221908	420931
3452	221972	420868
3453	222042	420812
3454	222102	420741
3455	222172	420688
3456	222238	420626
3457	222298	420554
3458	222357	420480
3459	222414	420401
3460	222485	420350
3461	222542	420272
3462	222609	420213
3463	222681	420163
3464	222741	420091
3465	222806	420029
3466	222875	419973
3467	222930	419890
3468	222992	419822
3469	223059	419763
3470	223125	419702
3471	223178	419615
3472	223246	419559
3473	223314	419501
3474	223388	419456
3475	223462	419410
3476	223532	419356
3477	223599	419297
3478	223667	419239
3479	223734	419180
3480	223802	419122
3481	223863	419052
3482	223924	418983
3483	223991	418923
3484	224061	418869
3485	224122	418798
3486	224187	418737
3487	224245	418659
3488	224304	418586
3489	224374	418531
3490	224432	418455
3491	224491	418382
3492	224559	418325
3493	224620	418254
3494	224687	418195
3495	224746	418121
3496	224814	418064
3497	224872	417987
3498	224935	417921
3499	224997	417851
3500	225064	417792
3501	225124	417721
3502	225187	417654
3503	225250	417588
3504	225314	417523
3505	225387	417475
3506	225457	417421
3507	225524	417362
3508	225588	417297
3509	225659	417245
3510	225727	417187
3511	225797	417133
3512	225865	417076
3513	225924	417002
3514	225992	416944
3515	226058	416882
3516	226121	416817
3517	226187	416756
3518	226254	416696
3519	226321	416636
3520	226384	416570
3521	226452	416512
3522	226514	416444
3523	226574	416371
3524	226643	416315
3525	226708	416254
3526	226768	416181
3527	226832	416117
3528	226894	416048
3529	226965	415996
3530	227033	415939
3531	227097	415873
3532	227158	415803
3533	227222	415739
3534	227286	415673
3535	227360	415627
3536	227426	415565
3537	227491	415502
3538	227556	415439
3539	227622	415378
3540	227681	415304
3541	227743	415235
3542	227809	415176
3543	227879	415121
3544	227947	415064
3545	228015	415005
3546	228084	414950
3547	228154	414895
3548	228224	414841
3549	228289	414780
3550	228353	414714
3551	228418	414651
3552	228481	414584
3553	228541	414511
3554	228606	414449
3555	228668	414380
3556	228733	414318
3557	228804	414266
3558	228877	414218
3559	228942	414153
3560	229008	414093
3561	229072	414028
3562	229139	413968
3563	229209	413914
3564	229280	413862
3565	229340	413791
3566	229406	413728
3567	229470	413664
3568	229531	413594
3569	229599	413536
3570	229662	413469
3571	229731	413412
3572	229793	413344
3573	229858	413282
3574	229926	413224
3575	229990	413158
3576	230056	413098
3577	230122	413037
3578	230180	412961
3579	230243	412894
3580	230307	412829
3581	230372	412767
3582	230434	412698
3583	230504	412644
3584	230568	412580
3585	230632	412513
3586	230707	412469
3587	230760	412385
3588	230819	412311
3589	230883	412246
3590	230950	412187
3591	231021	412133
3592	231088	412074
3593	231157	412018
3594	231231	411971
3595	231302	411918
3596	231371	411863
3597	231443	411811
3598	231519	411768
3599	231578	411694
3600	231641	411629
3601	231712	411575
3602	231777	411512
3603	231837	411441
3604	231905	411383
3605	231964	411309
3606	232030	411247
3607	232082	411161
3608	232146	411097
3609	232221	411051
3610	232288	410992
3611	232361	410942
3612	232429	410885
3613	232498	410828
3614	232562	410763
3615	232622	410692
3616	232692	410638
3617	232763	410585
3618	232834	410531
3619	232899	410469
3620	232964	410406
3621	233032	410348
3622	233102	410293
3623	233165	410227
3624	233232	410167
3625	233299	410108
3626	233362	410040
3627	233432	409986
3628	233498	409924
3629	233564	409863
3630	233626	409795
3631	233694	409738
3632	233750	409658
3633	233821	409605
3634	233882	409535
3635	233945	409468
3636	234009	409404
3637	234067	409328
3638	234142	409282
3639	234206	409218
3640	234268	409149
3641	234338	409095
3642	234405	409034
3643	234466	408964
3644	234532	408903
3645	234593	408832
3646	234665	408783
3647	234729	408717
3648	234790	408647
3649	234856	408585
3650	234911	408506
3651	234978	408445
3652	235045	408385
3653	235105	408314
3654	235176	408261
3655	235237	408190
3656	235303	408130
3657	235370	408069
3658	235437	408009
3659	235500	407943
3660	235565	407879
3661	235643	407839
3662	235699	407760
3663	235758	407687
3664	235822	407621
3665	235879	407545
3666	235947	407486
3667	236016	407431
3668	236082	407368
3669	236145	407302
3670	236222	407259
3671	236292	407205
3672	236357	407142
3673	236421	407076
3674	236491	407022
3675	236558	406962
3676	236622	406897
3677	236690	406839
3678	236755	406776
3679	236829	406728
3680	236889	406657
3681	236947	406582
3682	237011	406516
3683	237071	406445
3684	237132	406375
3685	237196	406310
3686	237263	406250
3687	237326	406184
3688	237393	406124
3689	237464	406070
3690	237532	406013
3691	237599	405953
3692	237668	405896
3693	237741	405847
3694	237805	405782
3695	237871	405720
3696	237942	405666
3697	238015	405618
3698	238083	405558
3699	238152	405502
3700	238215	405437
3701	238282	405375
3702	238349	405316
3703	238410	405246
3704	238483	405196
3705	238550	405136
3706	238616	405074
3707	238688	405023
3708	238756	404964
3709	238811	404885
3710	238875	404819
3711	238936	404750
3712	239000	404684
3713	239068	404627
3714	239121	404543
3715	239185	404478
3716	239256	404424
3717	239318	404357
3718	239379	404287
3719	239445	404225
3720	239507	404156
3721	239574	404096
3722	239633	404023
3723	239699	403961
3724	239765	403900
3725	239830	403837
3726	239900	403782
3727	239970	403727
3728	240030	403654
3729	240094	403591
3730	240161	403530
3731	240229	403472
3732	240299	403417
3733	240363	403353
3734	240434	403299
3735	240501	403239
3736	240571	403184
3737	240640	403127
3738	240708	403069
3739	240774	403007
3740	240836	402939
3741	240910	402891
3742	240977	402831
3743	241044	402770
3744	241107	402705
3745	241166	402630
3746	241236	402576
3747	241304	402517
3748	241375	402464
3749	241442	402404
3750	241512	402349
3751	241579	402289
3752	241635	402210
3753	241696	402140
3754	241767	402087
3755	241832	402024
3756	241891	401950
3757	241954	401883
3758	242033	401843
3759	242113	401805
3760	242177	401740
3761	242244	401681
3762	242305	401609
3763	242369	401544
3764	242430	401474
3765	242487	401399
3766	242559	401346
3767	242629	401291
3768	242698	401235
3769	242763	401171
3770	242827	401106
3771	242893	401044
3772	242964	400992
3773	243033	400934
3774	243096	400867
3775	243162	400806
3776	243223	400736
3777	243285	400667
3778	243347	400600
3779	243422	400552
3780	243492	400497
3781	243546	400415
3782	243605	400342
3783	243677	400290
3784	243737	400219
3785	243804	400158
3786	243862	400084
3787	243923	400014
3788	243994	399960
3789	244057	399893
3790	244128	399840
3791	244190	399772
3792	244260	399716
3793	244319	399643
3794	244387	399584
3795	244445	399509
3796	244517	399458
3797	244578	399388
3798	244647	399330
3799	244709	399263
3800	244777	399205
3801	244847	399149
3802	244919	399097
3803	244987	399038
3804	245057	398983
3805	245137	398944
3806	245212	398897
3807	245278	398835
3808	245348	398779
3809	245414	398718
3810	245477	398650
3811	245533	398572
3812	245601	398514
3813	245666	398451
3814	245729	398385
3815	245790	398314
3816	245855	398251
3817	245918	398183
3818	245981	398118
3819	246048	398057
3820	246120	398005
3821	246181	397935
3822	246248	397874
3823	246313	397811
3824	246381	397752
3825	246441	397681
3826	246504	397614
3827	246567	397547
3828	246633	397486
3829	246699	397423
3830	246765	397363
3831	246824	397289
3832	246889	397226
3833	246956	397165
3834	247014	397091
3835	247079	397027
3836	247146	396967
3837	247214	396908
3838	247283	396852
3839	247351	396793
3840	247418	396732
3841	247475	396657
3842	247539	396591
3843	247604	396528
3844	247662	396453
3845	247718	396375
3846	247779	396304
3847	247846	396245
3848	247911	396182
3849	247982	396128
3850	248054	396076
3851	248116	396007
3852	248181	395944
3853	248245	395878
3854	248309	395812
3855	248374	395749
3856	248441	395689
3857	248504	395622
3858	248576	395571
3859	248643	395510
3860	248701	395436
3861	248763	395367
3862	248826	395301
3863	248892	395239
3864	248961	395181
3865	249023	395114
3866	249084	395044
3867	249148	394979
3868	249214	394916
3869	249281	394856
3870	249341	394786
3871	249408	394724
3872	249476	394666
3873	249535	394594
3874	249598	394526
3875	249664	394463
3876	249722	394389
3877	249777	394310
3878	249839	394242
3879	249903	394178
3880	249980	394132
3881	250041	394062
3882	250097	393985
3883	250166	393928
3884	250216	393842
3885	250276	393770
3886	250335	393697
3887	250399	393632
3888	250462	393564
3889	250532	393509
3890	250599	393449
3891	250656	393373
3892	250720	393308
3893	250780	393236
3894	250835	393158
3895	250903	393098
3896	250969	393037
3897	251041	392984
3898	251109	392925
3899	251169	392854
3900	251234	392791
3901	251296	392723
3902	251369	392671
3903	251426	392595
3904	251495	392538
3905	251565	392483
3906	251636	392428
3907	251696	392357
3908	251766	392302
3909	251828	392233
3910	251889	392164
3911	251956	392103
3912	252024	392045
3913	252087	391978
3914	252164	391934
3915	252229	391869
3916	252293	391805
3917	252355	391737
3918	252424	391680
3919	252478	391599
3920	252541	391533
3921	252605	391468
3922	252678	391417
3923	252736	391342
3924	252808	391289
3925	252874	391227
3926	252928	391147
3927	252997	391089
3928	253064	391029
3929	253132	390970
3930	253195	390903
3931	253265	390847
3932	253328	390781
3933	253391	390714
3934	253451	390643
3935	253519	390585
3936	253587	390526
3937	253653	390463
3938	253719	390402
3939	253774	390323
3940	253840	390261
3941	253909	390203
3942	253976	390143
3943	254043	390082
3944	254109	390020
3945	254177	389961
3946	254247	389906
3947	254308	389837
3948	254374	389774
3949	254442	389716
3950	254514	389662
3951	254580	389600
3952	254646	389539
3953	254705	389466
3954	254773	389406
3955	254832	389334
3956	254899	389274
3957	254965	389212
3958	255038	389161
3959	255109	389106
3960	255183	389056
3961	255247	388992
3962	255316	388933
3963	255387	388880
3964	255451	388814
3965	255513	388745
3966	255582	388689
3967	255655	388638
3968	255721	388576
3969	255784	388509
3970	255850	388447
3971	255922	388393
3972	255985	388327
3973	256054	388269
3974	256114	388198
3975	256176	388130
3976	256250	388080
3977	256322	388027
3978	256382	387956
3979	256444	387888
3980	256513	387830
3981	256574	387761
3982	256642	387701
3983	256714	387648
3984	256775	387580
3985	256845	387524
3986	256916	387469
3987	256982	387407
3988	257050	387348
3989	257119	387289
3990	257187	387230
3991	257256	387173
3992	257324	387114
3993	257394	387058
3994	257465	387003
3995	257526	386933
3996	257591	386870
3997	257661	386813
3998	257729	386755
3999	257794	386692
4000	257860	386629
4001	257927	386568
4002	257995	386509
4003	258060	386445
4004	258126	386384
4005	258191	386320
4006	258256	386256
4007	258317	386186
4008	258384	386126
4009	258444	386056
4010	258505	385986
4011	258565	385914
4012	258627	385847
4013	258686	385774
4014	258746	385703
4015	258808	385634
4016	258879	385579
4017	258938	385507
4018	259006	385448
4019	259074	385389
4020	259145	385334
4021	259215	385278
4022	259281	385215
4023	259343	385148
4024	259404	385078
4025	259475	385024
4026	259546	384969
4027	259620	384919
4028	259689	384861
4029	259757	384801
4030	259822	384738
4031	259885	384672
4032	259956	384617
4033	260031	384568
4034	260093	384499
4035	260159	384437
4036	260209	384352
4037	260273	384286
4038	260335	384218
4039	260398	384151
4040	260462	384086
4041	260530	384028
4042	260601	383973
4043	260666	383909
4044	260731	383845
4045	260796	383782
4046	260853	383706
4047	260923	383650
4048	260990	383589
4049	261049	383516
4050	261113	383452
4051	261179	383389
4052	261244	383325
4053	261316	383272
4054	261375	383201
4055	261438	383133
4056	261501	383066
4057	261565	383002
4058	261631	382939
4059	261696	382875
4060	261766	382819
4061	261827	382750
4062	261894	382689
4063	261959	382626
4064	262024	382561
4065	262086	382493
4066	262152	382432
4067	262218	382369
4068	262279	382300
4069	262350	382245
4070	262418	382185
4071	262485	382124
4072	262545	382054
4073	262614	381996
4074	262684	381940
4075	262743	381866
4076	262806	381801
4077	262868	381733
4078	262934	381670
4079	263001	381609
4080	263073	381556
4081	263135	381488
4082	263205	381431
4083	263268	381365
4084	263335	381304
4085	263400	381241
4086	263464	381175
4087	263533	381118
4088	263603	381061
4089	263664	380991
4090	263729	380928
4091	263802	380875
4092	263873	380820
4093	263947	380770
4094	264018	380715
4095	264084	380653
4096	264157	380601
4097	264216	380528
4098	264280	380462
4099	264353	380411
4100	264416	380344
4101	264483	380284
4102	264551	380224
4103	264618	380163
4104	264686	380103
4105	264751	380039
4106	264820	379982
4107	264887	379921
4108	264954	379860
4109	265020	379798
4110	265083	379732
4111	265145	379664
4112	265215	379606
4113	265282	379546
4114	265346	379480
4115	265416	379424
4116	265486	379367
4117	265551	379303
4118	265608	379228
4119	265676	379168
4120	265742	379107
4121	265800	379032
4122	265860	378961
4123	265925	378898
4124	265983	378824
4125	266051	378765
4126	266119	378706
4127	266185	378643
4128	266244	378571
4129	266310	378508
4130	266375	378445
4131	266446	378390
4132	266519	378338
4133	266578	378266
4134	266648	378208
4135	266705	378133
4136	266770	378069
4137	266834	378005
4138	266907	377952
4139	266972	377888
4140	267035	377822
4141	267103	377761
4142	267166	377696
4143	267226	377624
4144	267294	377565
4145	267350	377488
4146	267409	377417
4147	267474	377352
4148	267545	377297
4149	267612	377236
4150	267674	377168
4151	267738	377104
4152	267805	377043
4153	267865	376972
4154	267925	376901
4155	267995	376844
4156	268057	376776
4157	268115	376703
4158	268186	376647
4159	268251	376583
4160	268316	376520
4161	268378	376451
4162	268441	376385
4163	268504	376319
4164	268567	376252
4165	268631	376186
4166	268691	376116
4167	268756	376052
4168	268818	375984
4169	268887	375927
4170	268951	375860
4171	269019	375802
4172	269086	375740
4173	269145	375668
4174	269219	375617
4175	269291	375563
4176	269351	375493
4177	269409	375418
4178	269478	375361
4179	269543	375297
4180	269604	375228
4181	269663	375155
4182	269733	375099
4183	269797	375034
4184	269861	374968
4185	269922	374899
4186	269979	374825
4187	270047	374765
4188	270108	374695
4189	270175	374634
4190	270241	374572
4191	270304	374506
4192	270360	374429
4193	270423	374363
4194	270484	374293
4195	270551	374232
4196	270615	374167
4197	270672	374092
4198	270743	374036
4199	270807	373971
4200	270876	373914
4201	270934	373839
4202	271003	373782
4203	271071	373722
4204	271140	373663
4205	271207	373604
4206	271270	373537
4207	271336	373475
4208	271408	373420
4209	271477	373362
4210	271543	373299
4211	271608	373235
4212	271676	373175
4213	271735	373104
4214	271807	373049
4215	271869	372982
4216	271934	372919
4217	271997	372852
4218	272059	372783
4219	272130	372728
4220	272194	372663
4221	272268	372612
4222	272330	372543
4223	272395	372480
4224	272469	372428
4225	272536	372367
4226	272601	372303
4227	272659	372231
4228	272723	372164
4229	272790	372104
4230	272856	372042
4231	272920	371976
4232	272984	371911
4233	273044	371841
4234	273117	371788
4235	273185	371727
4236	273250	371664
4237	273309	371592
4238	273371	371524
4239	273437	371462
4240	273499	371394
4241	273563	371329
4242	273634	371273
4243	273693	371201
4244	273759	371139
4245	273830	371083
4246	273888	371009
4247	273957	370952
4248	274016	370879
4249	274079	370813
4250	274145	370750
4251	274220	370700
4252	274292	370646
4253	274358	370584
4254	274427	370525
4255	274500	370472
4256	274567	370411
4257	274632	370347
4258	274695	370281
4259	274766	370224
4260	274832	370163
4261	274891	370091
4262	274961	370034
4263	275029	369973
4264	275102	369921
4265	275165	369854
4266	275236	369798
4267	275293	369723
4268	275360	369663
4269	275422	369595
4270	275489	369534
4271	275549	369463
4272	275621	369408
4273	275692	369352
4274	275756	369287
4275	275821	369224
4276	275881	369153
4277	275944	369087
4278	276004	369016
4279	276066	368948
4280	276133	368888
4281	276200	368825
4282	276272	368771
4283	276335	368705
4284	276405	368648
4285	276477	368593
4286	276533	368518
4287	276604	368461
4288	276669	368397
4289	276742	368344
4290	276804	368277
4291	276864	368207
4292	276930	368144
4293	277001	368088
4294	277072	368032
4295	277138	367970
4296	277204	367907
4297	277266	367839
4298	277327	367769
4299	277393	367707
4300	277461	367648
4301	277521	367577
4302	277585	367512
4303	277648	367445
4304	277713	367382
4305	277774	367312
4306	277836	367245
4307	277896	367174
4308	277963	367113
4309	278024	367044
4310	278081	366970
4311	278150	366910
4312	278214	366845
4313	278277	366779
4314	278341	366713
4315	278405	366648
4316	278462	366574
4317	278530	366514
4318	278600	366457
4319	278658	366384
4320	278727	366325
4321	278794	366264
4322	278867	366210
4323	278923	366135
4324	278986	366069
4325	279059	366016
4326	279135	365966
4327	279203	365906
4328	279260	365831
4329	279318	365758
4330	279381	365692
4331	279437	365616
4332	279502	365553
4333	279562	365482
4334	279631	365424
4335	279695	365358
4336	279764	365299
4337	279822	365227
4338	279891	365167
4339	279948	365093
4340	280007	365022
4341	280082	364971
4342	280145	364905
4343	280216	364849
4344	280275	364777
4345	280336	364708
4346	280409	364654
4347	280475	364592
4348	280543	364532
4349	280608	364469
4350	280674	364406
4351	280733	364334
4352	280792	364262
4353	280852	364191
4354	280921	364133
4355	280983	364066
4356	281045	363998
4357	281111	363935
4358	281171	363864
4359	281238	363803
4360	281308	363747
4361	281376	363687
4362	281447	363630
4363	281516	363571
4364	281589	363518
4365	281656	363456
4366	281718	363389
4367	281778	363319
4368	281849	363262
4369	281909	363192
4370	281977	363132
4371	282044	363071
4372	282109	363007
4373	282178	362948
4374	282242	362883
4375	282298	362808
4376	282364	362745
4377	282427	362678
4378	282493	362616
4379	282561	362555
4380	282630	362496
4381	282689	362425
4382	282748	362354
4383	282813	362289
4384	282880	362228
4385	282948	362168
4386	283006	362096
4387	283069	362029
4388	283129	361959
4389	283189	361889
4390	283259	361831
4391	283317	361759
4392	283374	361684
4393	283441	361623
4394	283504	361556
4395	283564	361486
4396	283628	361421
4397	283703	361370
4398	283771	361310
4399	283834	361244
4400	283903	361185
4401	283965	361117
4402	284031	361054
4403	284091	360984
4404	284150	360913
4405	284221	360856
4406	284285	360791
4407	284351	360728
4408	284417	360666
4409	284475	360593
4410	284541	360531
4411	284605	360466
4412	284671	360403
4413	284737	360341
4414	284802	360276
4415	284871	360217
4416	284939	360157
4417	285006	360096
4418	285079	360042
4419	285141	359974
4420	285200	359903
4421	285265	359839
4422	285325	359770
4423	285389	359704
4424	285460	359647
4425	285521	359579
4426	285587	359516
4427	285658	359459
4428	285726	359400
4429	285787	359330
4430	285851	359265
4431	285920	359206
4432	285992	359151
4433	286063	359095
4434	286135	359040
4435	286210	358988
4436	286279	358929
4437	286342	358863
4438	286409	358801
4439	286472	358736
4440	286535	358668
4441	286604	358610
4442	286671	358549
4443	286736	358485
4444	286805	358425
4445	286871	358363
4446	286943	358308
4447	287004	358239
4448	287080	358188
4449	287141	358120
4450	287208	358058
4451	287279	358002
4452	287346	357940
4453	287407	357872
4454	287470	357805
4455	287536	357742
4456	287599	357676
4457	287671	357621
4458	287732	357552
4459	287799	357491
4460	287867	357430
4461	287939	357375
4462	288005	357313
4463	288063	357239
4464	288133	357182
4465	288191	357110
4466	288260	357050
4467	288321	356981
4468	288388	356919
4469	288452	356855
4470	288523	356798
4471	288591	356738
4472	288649	356665
4473	288714	356602
4474	288777	356535
4475	288848	356478
4476	288914	356416
4477	288978	356350
4478	289051	356296
4479	289113	356228
4480	289175	356161
4481	289236	356092
4482	289301	356028
4483	289359	355955
4484	289423	355891
4485	289499	355840
4486	289569	355783
4487	289630	355714
4488	289695	355650
4489	289752	355575
4490	289809	355502
4491	289877	355442
4492	289939	355374
4493	290001	355307
4494	290065	355242
4495	290131	355178
4496	290194	355112
4497	290264	355054
4498	290333	354995
4499	290398	354931
4500	290468	354874
4501	290530	354805
4502	290596	354742
4503	290658	354675
4504	290726	354615
4505	290795	354555
4506	290866	354499
4507	290926	354429
4508	290989	354363
4509	291058	354303
4510	291125	354242
4511	291193	354182
4512	291262	354123
4513	291328	354059
4514	291395	353998
4515	291458	353932
4516	291525	353870
4517	291590	353806
4518	291661	353750
4519	291718	353676
4520	291784	353613
4521	291842	353540
4522	291906	353475
4523	291974	353415
4524	292039	353351
4525	292106	353290
4526	292178	353234
4527	292250	353179
4528	292318	353118
4529	292384	353055
4530	292443	352985
4531	292513	352926
4532	292578	352862
4533	292641	352796
4534	292708	352734
4535	292779	352678
4536	292837	352605
4537	292902	352541
4538	292966	352476
4539	293036	352418
4540	293101	352354
4541	293164	352287
4542	293236	352232
4543	293300	352166
4544	293360	352097
4545	293428	352036
4546	293496	351975
4547	293562	351913
4548	293619	351840
4549	293690	351783
4550	293757	351721
4551	293819	351654
4552	293880	351585
4553	293943	351518
4554	294013	351460
4555	294081	351400
4556	294144	351334
4557	294200	351259
4558	294259	351188
4559	294320	351119
4560	294394	351065
4561	294461	351003
4562	294521	350934
4563	294586	350870
4564	294662	350818
4565	294720	350746
4566	294781	350678
4567	294849	350618
4568	294915	350555
4569	294981	350492
4570	295045	350427
4571	295116	350370
4572	295188	350315
4573	295257	350255
4574	295325	350195
4575	295383	350121
4576	295449	350059
4577	295514	349995
4578	295579	349932
4579	295643	349866
4580	295708	349801
4581	295766	349729
4582	295833	349668
4583	295895	349600
4584	295966	349543
4585	296024	349471
4586	296086	349404
4587	296151	349340
4588	296224	349284
4589	296282	349212
4590	296342	349143
4591	296409	349081
4592	296473	349016
4593	296539	348953
4594	296604	348889
4595	296676	348833
4596	296736	348764
4597	296802	348701
4598	296867	348636
4599	296937	348578
4600	297000	348512
4601	297068	348452
4602	297135	348390
4603	297201	348326
4604	297262	348259
4605	297326	348192
4606	297403	348142
4607	297463	348073
4608	297526	348007
4609	297582	347933
4610	297651	347873
4611	297711	347803
4612	297773	347735
4613	297841	347675
4614	297897	347600
4615	297956	347529
4616	298025	347470
4617	298080	347395
4618	298144	347329
4619	298210	347266
4620	298277	347204
4621	298343	347142
4622	298411	347081
4623	298476	347017
4624	298536	346947
4625	298605	346888
4626	298673	346827
4627	298745	346772
4628	298813	346711
4629	298879	346648
4630	298946	346586
4631	299002	346512
4632	299069	346450
4633	299138	346391
4634	299196	346319
4635	299262	346256
4636	299322	346186
4637	299394	346129
4638	299456	346062
4639	299521	345999
4640	299578	345925
4641	299648	345867
4642	299719	345810
4643	299780	345741
4644	299843	345674
4645	299903	345605
4646	299976	345550
4647	300035	345480
4648	300095	345409
4649	300164	345350
4650	300236	345294
4651	300299	345228
4652	300365	345164
4653	300422	345091
4654	300482	345022
4655	300541	344951
4656	300604	344885
4657	300671	344823
4658	300739	344762
4659	300808	344703
4660	300883	344650
4661	300954	344593
4662	301023	344534
4663	301103	344486
4664	301168	344423
4665	301230	344355
4666	301293	344289
4667	301354	344221
4668	301418	344155
4669	301486	344094
4670	301542	344020
4671	301606	343954
4672	301672	343892
4673	301734	343824
4674	301802	343763
4675	301862	343694
4676	301918	343620
4677	301981	343554
4678	302051	343495
4679	302119	343435
4680	302189	343376
4681	302261	343319
4682	302333	343264
4683	302397	343198
4684	302463	343136
4685	302522	343065
4686	302589	343003
4687	302649	342933
4688	302721	342877
4689	302779	342806
4690	302848	342745
4691	302920	342690
4692	302990	342631
4693	303065	342579
4694	303141	342526
4695	303215	342473
4696	303281	342410
4697	303349	342349
4698	303415	342286
4699	303473	342214
4700	303540	342153
4701	303607	342091
4702	303671	342026
4703	303740	341966
4704	303808	341905
4705	303880	341849
4706	303949	341790
4707	304007	341718
4708	304066	341647
4709	304136	341588
4710	304200	341523
4711	304261	341455
4712	304331	341396
4713	304397	341332
4714	304456	341262
4715	304514	341190
4716	304585	341133
4717	304644	341062
4718	304716	341006
4719	304772	340931
4720	304840	340871
4721	304902	340803
4722	304968	340741
4723	305034	340677
4724	305096	340610
4725	305164	340549
4726	305227	340483
4727	305296	340424
4728	305365	340364
4729	305431	340300
4730	305488	340228
4731	305553	340163
4732	305624	340106
4733	305695	340048
4734	305766	339992
4735	305825	339920
4736	305892	339859
4737	305957	339794
4738	306021	339729
4739	306088	339668
4740	306149	339599
4741	306216	339537
4742	306283	339475
4743	306348	339411
4744	306408	339341
4745	306476	339281
4746	306538	339213
4747	306606	339153
4748	306668	339085
4749	306728	339016
4750	306789	338947
4751	306856	338885
4752	306927	338828
4753	306986	338757
4754	307059	338701
4755	307118	338630
4756	307185	338568
4757	307248	338503
4758	307313	338438
4759	307377	338373
4760	307440	338306
4761	307508	338246
4762	307583	338193
4763	307647	338127
4764	307727	338080
4765	307792	338016
4766	307869	337965
4767	307931	337898
4768	307998	337835
4769	308060	337768
4770	308130	337710
4771	308195	337645
4772	308263	337585
4773	308329	337521
4774	308389	337452
4775	308465	337400
4776	308530	337336
4777	308600	337277
4778	308672	337220
4779	308745	337165
4780	308812	337103
4781	308877	337039
4782	308946	336980
4783	309017	336922
4784	309082	336858
4785	309151	336798
4786	309217	336734
4787	309292	336681
4788	309362	336622
4789	309427	336558
4790	309503	336506
4791	309569	336443
4792	309637	336382
4793	309688	336303
4794	309755	336241
4795	309831	336189
4796	309893	336122
4797	309966	336066
4798	310029	335999
4799	310093	335934
4800	310170	335883
4801	310238	335822
4802	310298	335752
4803	310370	335696
4804	310441	335638
4805	310514	335583
4806	310587	335527
4807	310655	335466
4808	310735	335419
4809	310806	335360
4810	310881	335307
4811	310950	335247
4812	311015	335183
4813	311086	335125
4814	311154	335064
4815	311223	335004
4816	311282	334934
4817	311349	334872
4818	311414	334807
4819	311478	334742
4820	311540	334675
4821	311622	334629
4822	311687	334564
4823	311759	334508
4824	311833	334453
4825	311896	334387
4826	311968	334330
4827	312033	334265
4828	312099	334202
4829	312170	334144
4830	312242	334088
4831	312324	334041
4832	312393	333982
4833	312474	333935
4834	312549	333881
4835	312620	333823
4836	312684	333758
4837	312747	333692
4838	312811	333626
4839	312880	333567
4840	312952	333509
4841	313017	333445
4842	313091	333391
4843	313159	333330
4844	313242	333284
4845	313297	333210
4846	313372	333156
4847	313439	333094
4848	313512	333038
4849	313589	332986
4850	313662	332931
4851	313736	332876
4852	313799	332809
4853	313869	332750
4854	313929	332681
4855	313998	332620
4856	314061	332555
4857	314126	332490
4858	314197	332432
4859	314270	332376
4860	314330	332307
4861	314407	332254
4862	314477	332196
4863	314539	332128
4864	314613	332074
4865	314676	332007
4866	314742	331944
4867	314809	331881
4868	314878	331822
4869	314944	331758
4870	315022	331708
4871	315088	331644
4872	315154	331581
4873	315216	331514
4874	315282	331450
4875	315341	331380
4876	315406	331315
4877	315469	331249
4878	315527	331177
4879	315597	331118
4880	315666	331058
4881	315725	330987
4882	315802	330936
4883	315865	330869
4884	315930	330805
4885	315989	330734
4886	316051	330667
4887	316117	330604
4888	316181	330538
4889	316259	330488
4890	316326	330425
4891	316395	330365
4892	316460	330300
4893	316523	330235
4894	316589	330171
4895	316659	330112
4896	316726	330050
4897	316803	329998
4898	316882	329948
4899	316947	329884
4900	317014	329822
4901	317080	329758
4902	317151	329700
4903	317222	329642
4904	317290	329581
4905	317352	329513
4906	317423	329455
4907	317493	329396
4908	317562	329335
4909	317623	329267
4910	317690	329205
4911	317762	329148
4912	317822	329078
4913	317882	329009
4914	317956	328953
4915	318020	328888
4916	318084	328823
4917	318155	328765
4918	318213	328693
4919	318292	328643
4920	318366	328588
4921	318429	328522
4922	318501	328465
4923	318574	328408
4924	318651	328356
4925	318734	328310
4926	318813	328260
4927	318882	328200
4928	318951	328139
4929	319015	328074
4930	319080	328010
4931	319154	327955
4932	319229	327900
4933	319298	327840
4934	319385	327798
4935	319469	327753
4936	319544	327699
4937	319630	327657
4938	319707	327604
4939	319771	327539
4940	319865	327504
4941	319944	327454
4942	320021	327402
4943	320091	327342
4944	320175	327298
4945	320252	327245
4946	320327	327191
4947	320404	327138
4948	320475	327080
4949	320544	327020
4950	320617	326963
4951	320691	326908
4952	320757	326845
4953	320845	326803
4954	320921	326750
4955	320997	326697
4956	321080	326650
4957	321153	326594
4958	321223	326534
4959	321295	326477
4960	321372	326425
4961	321439	326362
4962	321512	326306
4963	321595	326260
4964	321669	326204
4965	321744	326150
4966	321820	326096
4967	321894	326041
4968	321970	325987
4969	322038	325926
4970	322109	325867
4971	322177	325806
4972	322248	325748
4973	322316	325686
4974	322395	325635
4975	322460	325570
4976	322532	325513
4977	322606	325457
4978	322681	325403
4979	322751	325344
4980	322832	325295
4981	322895	325229
4982	322955	325158
4983	323017	325091
4984	323080	325024
4985	323144	324959
4986	323202	324887
4987	323276	324831
4988	323349	324775
4989	323419	324715
4990	323487	324654
4991	323565	324602
4992	323629	324537
4993	323686	324464
4994	323756	324405
4995	323830	324349
4996	323894	324283
4997	323960	324219
4998	324021	324150
4999	324090	324090
5000	324160	324031
5001	324227	323967
5002	324295	323906
5003	324360	323841
5004	324420	323772
5005	324483	323705
5006	324549	323641
5007	324615	323578
5008	324679	323513
5009	324754	323458
5010	324821	323395
5011	324885	323330
5012	324956	323271
5013	325021	323206
5014	325085	323140
5015	325151	323076
5016	325228	323024
5017	325296	322962
5018	325366	322903
5019	325434	322841
5020	325498	322776
5021	325566	322713
5022	325624	322642
5023	325693	322581
5024	325755	322514
5025	325828	322457
5026	325893	322392
5027	325955	322324
5028	326013	322253
5029	326081	322191
5030	326144	322125
5031	326214	322065
5032	326279	322000
5033	326339	321931
5034	326399	321861
5035	326458	321791
5036	326529	321732
5037	326581	321655
5038	326646	321590
5039	326723	321537
5040	326793	321477
5041	326868	321422
5042	326946	321371
5043	327023	321318
5044	327096	321260
5045	327158	321193
5046	327232	321137
5047	327302	321077
5048	327367	321013
5049	327435	320952
5050	327501	320888
5051	327575	320831
5052	327646	320773
5053	327703	320700
5054	327773	320641
5055	327836	320574
5056	327909	320517
5057	327983	320461
5058	328048	320396
5059	328119	320337
5060	328185	320274
5061	328262	320221
5062	328352	320181
5063	328436	320134
5064	328511	320079
5065	328584	320022
5066	328655	319963
5067	328733	319911
5068	328806	319854
5069	328874	319793
5070	328951	319740
5071	329019	319677
5072	329088	319616
5073	329156	319555
5074	329231	319500
5075	329307	319446
5076	329390	319399
5077	329475	319353
5078	329552	319300
5079	329639	319257
5080	329719	319206
5081	329788	319145
5082	329847	319075
5083	329908	319006
5084	329973	318942
5085	330036	318875
5086	330115	318824
5087	330178	318757
5088	330243	318692
5089	330306	318625
5090	330372	318561
5091	330445	318504
5092	330512	318441
5093	330568	318368
5094	330629	318299
5095	330683	318224
5096	330750	318161
5097	330829	318110
5098	330895	318046
5099	330958	317979
5100	331032	317923
5101	331090	317852
5102	331162	317794
5103	331225	317727
5104	331293	317665
5105	331360	317602
5106	331428	317540
5107	331487	317470
5108	331553	317405
5109	331624	317347
5110	331688	317281
5111	331762	317225
5112	331825	317157
5113	331895	317098
5114	331961	317034
5115	332030	316973
5116	332104	316916
5117	332153	316837
5118	332218	316772
5119	332297	316720
5120	332361	316655
5121	332428	316592
5122	332493	316527
5123	332557	316462
5124	332621	316396
5125	332691	316335
5126	332756	316271
5127	332823	316208
5128	332893	316148
5129	332959	316084
5130	333025	316020
5131	333097	315961
5132	333160	315895
5133	333232	315837
5134	333292	315767
5135	333365	315710
5136	333433	315648
5137	333499	315584
5138	333554	315510
5139	333624	315450
5140	333690	315386
5141	333754	315320
5142	333819	315256
5143	333883	315190
5144	333955	315132
5145	334025	315071
5146	334087	315004
5147	334151	314938
5148	334218	314875
5149	334277	314804
5150	334335	314733
5151	334407	314675
5152	334466	314605
5153	334520	314529
5154	334586	314465
5155	334635	314386
5156	334698	314319
5157	334763	314254
5158	334820	314182
5159	334881	314113
5160	334949	314052
5161	335009	313982
5162	335074	313917
5163	335136	313850
5164	335190	313774
5165	335249	313703
5166	335320	313644
5167	335389	313583
5168	335456	313521
5169	335529	313463
5170	335595	313400
5171	335655	313330
5172	335717	313262
5173	335788	313203
5174	335861	313146
5175	335924	313079
5176	335982	313008
5177	336047	312943
5178	336114	312880
5179	336177	312813
5180	336240	312746
5181	336302	312679
5182	336369	312616
5183	336433	312551
5184	336492	312480
5185	336562	312420
5186	336627	312355
5187	336693	312291
5188	336760	312228
5189	336827	312165
5190	336902	312110
5191	336971	312048
5192	337035	311983
5193	337106	311924
5194	337168	311856
5195	337238	311796
5196	337305	311732
5197	337369	311667
5198	337435	311603
5199	337501	311539
5200	337569	311478
5201	337630	311409
5202	337698	311346
5203	337766	311285
5204	337828	311217
5205	337886	311146
5206	337952	311082
5207	338017	311017
5208	338088	310958
5209	338155	310895
5210	338222	310832
5211	338280	310761
5212	338343	310694
5213	338407	310628
5214	338464	310557
5215	338527	310489
5216	338591	310424
5217	338650	310353
5218	338714	310287
5219	338776	310220
5220	338840	310155
5221	338903	310088
5222	338969	310024
5223	339032	309958
5224	339096	309891
5225	339163	309829
5226	339227	309763
5227	339285	309692
5228	339345	309622
5229	339401	309549
5230	339460	309479
5231	339522	309412
5232	339587	309347
5233	339660	309289
5234	339730	309229
5235	339796	309165
5236	339856	309095
5237	339923	309032
5238	339981	308961
5239	340042	308893
5240	340105	308826
5241	340165	308757
5242	340233	308695
5243	340295	308628
5244	340359	308562
5245	340426	308499
5246	340485	308429
5247	340550	308363
5248	340612	308297
5249	340670	308226
5250	340737	308162
5251	340806	308101
5252	340873	308038
5253	340921	307958
5254	340990	307896
5255	341041	307819
5256	341105	307754
5257	341180	307698
5258	341251	307639
5259	341312	307570
5260	341374	307502
5261	341448	307446
5262	341508	307377
5263	341569	307308
5264	341635	307244
5265	341697	307177
5266	341771	307120
5267	341835	307055
5268	341900	306990
5269	341962	306923
5270	342023	306853
5271	342075	306777
5272	342137	306710
5273	342199	306642
5274	342255	306570
5275	342315	306501
5276	342388	306443
5277	342455	306380
5278	342516	306311
5279	342581	306247
5280	342645	306181
5281	342707	306113
5282	342769	306046
5283	342832	305980
5284	342895	305913
5285	342957	305845
5286	343019	305778
5287	343082	305712
5288	343150	305649
5289	343216	305586
5290	343275	305516
5291	343337	305448
5292	343390	305372
5293	343452	305305
5294	343525	305247
5295	343587	305180
5296	343656	305119
5297	343721	305054
5298	343788	304991
5299	343855	304928
5300	343911	304855
5301	343979	304793
5302	344036	304721
5303	344098	304654
5304	344166	304592
5305	344224	304521
5306	344287	304454
5307	344354	304391
5308	344413	304321
5309	344470	304250
5310	344536	304186
5311	344598	304118
5312	344662	304052
5313	344722	303983
5314	344785	303916
5315	344851	303853
5316	344918	303790
5317	344979	303721
5318	345046	303659
5319	345109	303592
5320	345169	303523
5321	345237	303461
5322	345301	303395
5323	345362	303327
5324	345433	303267
5325	345500	303205
5326	345563	303138
5327	345625	303071
5328	345691	303007
5329	345746	302933
5330	345814	302871
5331	345878	302805
5332	345934	302733
5333	345996	302665
5334	346057	302597
5335	346118	302529
5336	346190	302470
5337	346254	302405
5338	346315	302336
5339	346380	302272
5340	346438	302201
5341	346498	302132
5342	346561	302066
5343	346620	301996
5344	346685	301931
5345	346756	301871
5346	346824	301808
5347	346888	301743
5348	346944	301670
5349	347015	301611
5350	347071	301538
5351	347135	301473
5352	347197	301406
5353	347252	301332
5354	347321	301271
5355	347385	301205
5356	347447	301138
5357	347503	301066
5358	347566	300999
5359	347625	300929
5360	347694	300868
5361	347758	300802
5362	347817	300732
5363	347882	300667
5364	347950	300606
5365	348010	300537
5366	348069	300466
5367	348132	300400
5368	348188	300327
5369	348251	300261
5370	348311	300192
5371	348371	300123
5372	348429	300052
5373	348491	299985
5374	348557	299921
5375	348620	299855
5376	348682	299788
5377	348751	299726
5378	348804	299651
5379	348868	299585
5380	348934	299521
5381	348997	299455
5382	349060	299389
5383	349123	299322
5384	349184	299254
5385	349251	299191
5386	349316	299127
5387	349374	299056
5388	349436	298989
5389	349504	298927
5390	349563	298856
5391	349627	298791
5392	349689	298724
5393	349744	298651
5394	349804	298581
5395	349868	298516
5396	349931	298449
5397	350001	298389
5398	350067	298325
5399	350125	298254
5400	350187	298187
5401	350251	298122
5402	350316	298057
5403	350377	297989
5404	350449	297931
5405	350510	297862
5406	350572	297795
5407	350632	297726
5408	350698	297662
5409	350761	297595
5410	350830	297534
5411	350888	297464
5412	350944	297391
5413	351013	297330
5414	351076	297264
5415	351137	297196
5416	351204	297132
5417	351260	297061
5418	351323	296994
5419	351388	296930
5420	351453	296865
5421	351520	296802
5422	351587	296739
5423	351651	296673
5424	351715	296608
5425	351786	296548
5426	351851	296483
5427	351908	296412
5428	351974	296348
5429	352047	296290
5430	352113	296226
5431	352176	296160
5432	352239	296093
5433	352302	296027
5434	352360	295957
5435	352419	295886
5436	352484	295822
5437	352538	295748
5438	352600	295681
5439	352670	295620
5440	352735	295555
5441	352800	295491
5442	352876	295435
5443	352938	295368
5444	353004	295304
5445	353071	295241
5446	353143	295183
5447	353204	295114
5448	353263	295045
5449	353325	294978
5450	353392	294914
5451	353456	294849
5452	353521	294784
5453	353576	294711
5454	353635	294641
5455	353694	294572
5456	353759	294507
5457	353819	294439
5458	353886	294375
5459	353953	294313
5460	354015	294245
5461	354076	294177
5462	354134	294107
5463	354204	294046
5464	354269	293982
5465	354331	293914
5466	354397	293851
5467	354462	293786
5468	354528	293722
5469	354591	293655
5470	354664	293598
5471	354735	293538
5472	354799	293472
5473	354859	293404
5474	354925	293340
5475	354989	293274
5476	355053	293209
5477	355117	293143
5478	355186	293082
5479	355249	293015
5480	355313	292950
5481	355386	292892
5482	355453	292829
5483	355516	292762
5484	355575	292693
5485	355644	292631
5486	355705	292564
5487	355772	292500
5488	355837	292435
5489	355898	292368
5490	355968	292308
5491	356032	292242
5492	356094	292174
5493	356164	292114
5494	356231	292051
5495	356299	291989
5496	356360	291920
5497	356423	291854
5498	356484	291786
5499	356547	291720
5500	356612	291655
5501	356672	291587
5502	356739	291523
5503	356795	291452
5504	356863	291390
5505	356931	291327
5506	356996	291263
5507	357053	291191
5508	357105	291116
5509	357160	291043
5510	357220	290975
5511	357287	290912
5512	357355	290849
5513	357419	290783
5514	357477	290713
5515	357542	290649
5516	357613	290589
5517	357675	290521
5518	357735	290453
5519	357795	290384
5520	357858	290318
5521	357923	290253
5522	357992	290192
5523	358059	290129
5524	358123	290063
5525	358186	289997
5526	358253	289934
5527	358323	289873
5528	358386	289807
5529	358449	289741
5530	358516	289677
5531	358578	289610
5532	358635	289539
5533	358692	289469
5534	358765	289410
5535	358832	289347
5536	358891	289278
5537	358952	289210
5538	359007	289137
5539	359072	289072
5540	359141	289011
5541	359206	288946
5542	359268	288879
5543	359327	288809
5544	359389	288743
5545	359446	288672
5546	359514	288609
5547	359580	288545
5548	359646	288481
5549	359706	288413
5550	359766	288344
5551	359828	288277
5552	359891	288211
5553	359956	288146
5554	360020	288080
5555	360088	288018
5556	360149	287951
5557	360218	287889
5558	360285	287826
5559	360344	287757
5560	360408	287691
5561	360470	287624
5562	360540	287563
5563	360598	287493
5564	360663	287429
5565	360717	287355
5566	360784	287292
5567	360843	287222
5568	360908	287158
5569	360972	287093
5570	361032	287024
5571	361098	286960
5572	361165	286897
5573	361231	286833
5574	361295	286767
5575	361353	286697
5576	361427	286640
5577	361486	286570
5578	361551	286506
5579	361610	286436
5580	361679	286375
5581	361748	286313
5582	361816	286252
5583	361890	286193
5584	361955	286129
5585	362021	286065
5586	362088	286002
5587	362147	285933
5588	362216	285871
5589	362291	285814
5590	362367	285758
5591	362439	285699
5592	362501	285632
5593	362565	285567
5594	362622	285496
5595	362679	285425
5596	362740	285357
5597	362805	285293
5598	362875	285232
5599	362938	285165
5600	363005	285102
5601	363062	285031
5602	363120	284961
5603	363188	284899
5604	363256	284836
5605	363324	284774
5606	363393	284713
5607	363464	284653
5608	363533	284592
5609	363595	284524
5610	363660	284459
5611	363730	284399
5612	363791	284331
5613	363855	284266
5614	363911	284194
5615	363968	284123
5616	364031	284057
5617	364097	283993
5618	364160	283927
5619	364216	283855
5620	364280	283790
5621	364343	283724
5622	364402	283654
5623	364468	283590
5624	364531	283524
5625	364600	283463
5626	364657	283392
5627	364716	283322
5628	364785	283261
5629	364860	283204
5630	364921	283136
5631	364984	283070
5632	365048	283004
5633	365098	282928
5634	365158	282859
5635	365224	282796
5636	365280	282724
5637	365340	282656
5638	365399	282586
5639	365470	282526
5640	365526	282455
5641	365579	282381
5642	365648	282319
5643	365705	282248
5644	365767	282181
5645	365829	282114
5646	365890	282047
5647	365953	281981
5648	366012	281912
5649	366076	281846
5650	366136	281778
5651	366210	281719
5652	366269	281651
5653	366336	281587
5654	366400	281522
5655	366459	281453
5656	366525	281389
5657	366588	281323
5658	366647	281254
5659	366714	281190
5660	366772	281120
5661	366835	281054
5662	366887	280980
5663	366950	280913
5664	367015	280849
5665	367079	280784
5666	367129	280708
5667	367198	280646
5668	367260	280579
5669	367323	280513
5670	367393	280452
5671	367462	280390
5672	367530	280328
5673	367590	280260
5674	367655	280195
5675	367725	280134
5676	367788	280068
5677	367860	280009
5678	367925	279944
5679	367990	279880
5680	368052	279813
5681	368113	279745
5682	368180	279682
5683	368245	279617
5684	368309	279552
5685	368366	279481
5686	368434	279419
5687	368494	279350
5688	368560	279287
5689	368625	279222
5690	368689	279157
5691	368752	279090
5692	368824	279031
5693	368886	278964
5694	368951	278900
5695	369014	278834
5696	369068	278761
5697	369127	278692
5698	369181	278618
5699	369247	278554
5700	369312	278490
5701	369378	278426
5702	369438	278358
5703	369497	278289
5704	369556	278220
5705	369611	278147
5706	369684	278089
5707	369744	278021
5708	369809	277956
5709	369874	277891
5710	369935	277823
5711	369996	277756
5712	370056	277688
5713	370117	277620
5714	370181	277555
5715	370246	277490
5716	370303	277419
5717	370365	277353
5718	370422	277282
5719	370486	277217
5720	370559	277158
5721	370628	277096
5722	370692	277031
5723	370742	276956
5724	370804	276888
5725	370870	276825
5726	370938	276762
5727	371002	276697
5728	371064	276630
5729	371122	276560
5730	371183	276493
5731	371244	276425
5732	371302	276355
5733	371359	276285
5734	371417	276215
5735	371474	276145
5736	371538	276079
5737	371597	276010
5738	371659	275943
5739	371719	275875
5740	371787	275812
5741	371847	275744
5742	371913	275680
5743	371990	275625
5744	372049	275555
5745	372113	275490
5746	372175	275423
5747	372236	275356
5748	372306	275295
5749	372368	275228
5750	372428	275160
5751	372493	275095
5752	372560	275032
5753	372625	274968
5754	372701	274911
5755	372767	274848
5756	372824	274777
5757	372888	274712
5758	372956	274650
5759	373021	274585
5760	373078	274515
5761	373136	274444
5762	373207	274384
5763	373278	274324
5764	373346	274262
5765	373404	274192
5766	373460	274121
5767	373530	274060
5768	373595	273995
5769	373656	273928
5770	373715	273859
5771	373783	273797
5772	373849	273733
5773	373905	273662
5774	373961	273590
5775	374017	273519
5776	374077	273451
5777	374141	273386
5778	374208	273323
5779	374267	273253
5780	374327	273185
5781	374386	273116
5782	374455	273055
5783	374512	272984
5784	374569	272914
5785	374631	272847
5786	374699	272785
5787	374760	272717
5788	374823	272652
5789	374876	272578
5790	374938	272511
5791	374997	272442
5792	375057	272374
5793	375116	272305
5794	375180	272240
5795	375247	272177
5796	375316	272115
5797	375377	272048
5798	375434	271978
5799	375494	271909
5800	375554	271841
5801	375621	271778
5802	375684	271712
5803	375746	271645
5804	375810	271580
5805	375874	271515
5806	375936	271448
5807	375999	271382
5808	376067	271320
5809	376133	271256
5810	376203	271195
5811	376265	271128
5812	376337	271069
5813	376401	271003
5814	376472	270943
5815	376541	270882
5816	376608	270818
5817	376672	270753
5818	376740	270691
5819	376799	270621
5820	376865	270558
5821	376927	270491
5822	376995	270429
5823	377061	270365
5824	377124	270299
5825	377191	270236
5826	377252	270169
5827	377308	270098
5828	377369	270030
5829	377430	269963
5830	377499	269901
5831	377569	269840
5832	377629	269772
5833	377703	269714
5834	377764	269646
5835	377825	269579
5836	377881	269508
5837	377949	269446
5838	378012	269379
5839	378071	269311
5840	378138	269247
5841	378202	269182
5842	378270	269120
5843	378333	269054
5844	378397	268988
5845	378461	268923
5846	378528	268860
5847	378595	268797
5848	378672	268741
5849	378734	268674
5850	378796	268608
5851	378864	268545
5852	378923	268476
5853	378990	268413
5854	379052	268347
5855	379110	268277
5856	379177	268214
5857	379245	268152
5858	379306	268084
5859	379376	268023
5860	379445	267961
5861	379507	267895
5862	379570	267829
5863	379639	267767
5864	379701	267700
5865	379770	267638
5866	379834	267573
5867	379889	267502
5868	379956	267438
5869	380019	267373
5870	380081	267306
5871	380136	267235
5872	380201	267170
5873	380256	267098
5874	380323	267035
5875	380388	266970
5876	380448	266902
5877	380506	266833
5878	380575	266771
5879	380639	266706
5880	380694	266634
5881	380754	266566
5882	380812	266497
5883	380880	266435
5884	380952	266375
5885	381020	266313
5886	381089	266251
5887	381137	266174
5888	381204	266111
5889	381269	266047
5890	381337	265984
5891	381400	265918
5892	381466	265854
5893	381525	265786
5894	381592	265723
5895	381655	265657
5896	381714	265588
5897	381775	265521
5898	381840	265456
5899	381911	265396
5900	381976	265331
5901	382040	265266
5902	382106	265202
5903	382165	265133
5904	382232	265070
5905	382307	265012
5906	382375	264950
5907	382441	264887
5908	382511	264825
5909	382584	264766
5910	382654	264705
5911	382725	264645
5912	382783	264575
5913	382845	264509
5914	382901	264438
5915	382960	264369
5916	383024	264304
5917	383081	264234
5918	383143	264167
5919	383203	264099
5920	383266	264033
5921	383324	263964
5922	383388	263899
5923	383451	263833
5924	383515	263767
5925	383578	263702
5926	383645	263638
5927	383710	263574
5928	383776	263510
5929	383843	263447
5930	383906	263381
5931	383977	263320
5932	384032	263249
5933	384101	263188
5934	384172	263127
5935	384226	263055
5936	384297	262994
5937	384364	262931
5938	384430	262867
5939	384494	262802
5940	384562	262739
5941	384632	262679
5942	384694	262612
5943	384752	262543
5944	384820	262480
5945	384888	262418
5946	384949	262350
5947	385010	262283
5948	385076	262219
5949	385145	262158
5950	385213	262095
5951	385277	262029
5952	385335	261960
5953	385397	261894
5954	385461	261829
5955	385530	261767
5956	385595	261702
5957	385650	261631
5958	385717	261568
5959	385779	261501
5960	385843	261436
5961	385903	261368
5962	385969	261304
5963	386032	261238
5964	386102	261177
5965	386164	261111
5966	386234	261049
5967	386302	260987
5968	386375	260928
5969	386428	260855
5970	386496	260793
5971	386559	260726
5972	386621	260660
5973	386689	260597
5974	386765	260540
5975	386828	260475
5976	386892	260409
5977	386957	260345
5978	387024	260281
5979	387091	260218
5980	387146	260147
5981	387212	260083
5982	387271	260014
5983	387331	259946
5984	387392	259880
5985	387456	259814
5986	387526	259753
5987	387590	259688
5988	387653	259622
5989	387713	259554
5990	387767	259482
5991	387824	259412
5992	387888	259347
5993	387942	259275
5994	388006	259210
5995	388066	259142
5996	388133	259079
5997	388201	259016
5998	388264	258950
5999	388327	258885
6000	388390	258819
6001	388450	258751
6002	388511	258683
6003	388569	258614
6004	388634	258550
6005	388699	258485
6006	388765	258421
6007	388826	258354
6008	388885	258286
6009	388949	258221
6010	389007	258152
6011	389071	258086
6012	389139	258023
6013	389199	257956
6014	389254	257885
6015	389315	257818
6016	389381	257753
6017	389445	257689
6018	389509	257623
6019	389565	257553
6020	389628	257487
6021	389699	257426
6022	389767	257364
6023	389831	257299
6024	389898	257236
6025	389968	257174
6026	390026	257105
6027	390094	257042
6028	390154	256975
6029	390212	256905
6030	390274	256839
6031	390334	256771
6032	390396	256705
6033	390461	256640
6034	390522	256573
6035	390580	256504
6036	390652	256444
6037	390727	256386
6038	390791	256321
6039	390850	256252
6040	390919	256191
6041	390981	256124
6042	391035	256052
6043	391103	255990
6044	391167	255925
6045	391229	255858
6046	391290	255791
6047	391358	255728
6048	391421	255663
6049	391474	255591
6050	391532	255521
6051	391597	255457
6052	391662	255392
6053	391732	255331
6054	391799	255267
6055	391858	255200
6056	391923	255135
6057	391991	255072
6058	392045	255001
6059	392109	254935
6060	392171	254869
6061	392228	254799
6062	392289	254732
6063	392352	254666
6064	392416	254601
6065	392477	254534
6066	392547	254473
6067	392613	254409
6068	392677	254344
6069	392740	254278
6070	392809	254216
6071	392875	254152
6072	392949	254093
6073	393011	254027
6074	393066	253956
6075	393129	253891
6076	393200	253830
6077	393264	253764
6078	393328	253699
6079	393387	253631
6080	393453	253567
6081	393522	253505
6082	393583	253438
6083	393649	253374
6084	393710	253307
6085	393774	253242
6086	393840	253178
6087	393901	253111
6088	393965	253046
6089	394026	252979
6090	394093	252915
6091	394156	252850
6092	394217	252783
6093	394289	252723
6094	394351	252656
6095	394409	252587
6096	394472	252521
6097	394541	252459
6098	394603	252393
6099	394662	252325
6100	394725	252259
6101	394787	252192
6102	394846	252124
6103	394912	252060
6104	394976	251995
6105	395040	251930
6106	395114	251871
6107	395183	251809
6108	395245	251743
6109	395315	251681
6110	395372	251612
6111	395437	251548
6112	395501	251483
6113	395567	251418
6114	395638	251358
6115	395707	251296
6116	395766	251227
6117	395832	251163
6118	395893	251096
6119	395950	251027
6120	396018	250965
6121	396086	250902
6122	396147	250835
6123	396213	250771
6124	396282	250709
6125	396348	250645
6126	396416	250583
6127	396484	250520
6128	396547	250454
6129	396616	250392
6130	396683	250328
6131	396744	250261
6132	396803	250193
6133	396873	250132
6134	396938	250067
6135	397002	250002
6136	397073	249942
6137	397139	249878
6138	397209	249817
6139	397278	249754
6140	397349	249694
6141	397419	249632
6142	397484	249568
6143	397547	249502
6144	397611	249437
6145	397666	249366
6146	397728	249300
6147	397787	249231
6148	397854	249168
6149	397915	249101
6150	397972	249032
6151	398030	248963
6152	398084	248891
6153	398142	248823
6154	398206	248757
6155	398275	248695
6156	398335	248628
6157	398396	248560
6158	398452	248490
6159	398517	248426
6160	398581	248361
6161	398647	248297
6162	398708	248230
6163	398766	248161
6164	398831	248097
6165	398894	248031
6166	398962	247968
6167	399025	247902
6168	399090	247838
6169	399148	247769
6170	399216	247707
6171	399285	247644
6172	399345	247577
6173	399408	247511
6174	399465	247442
6175	399523	247373
6176	399587	247308
6177	399649	247241
6178	399714	247177
6179	399774	247109
6180	399835	247043
6181	399902	246979
6182	399966	246914
6183	400036	246852
6184	400096	246785
6185	400157	246718
6186	400231	246659
6187	400286	246588
6188	400351	246524
6189	400406	246453
6190	400468	246387
6191	400538	246325
6192	400597	246257
6193	400670	246198
6194	400726	246128
6195	400791	246063
6196	400846	245992
6197	400905	245924
6198	400971	245860
6199	401033	245794
6200	401095	245728
6201	401162	245665
6202	401224	245598
6203	401290	245535
6204	401349	245466
6205	401406	245397
6206	401467	245330
6207	401521	245259
6208	401589	245196
6209	401641	245124
6210	401704	245058
6211	401774	244996
6212	401826	244924
6213	401888	244858
6214	401944	244788
6215	402014	244727
6216	402082	244664
6217	402148	244600
6218	402216	244537
6219	402274	244469
6220	402338	244403
6221	402401	244338
6222	402459	244269
6223	402520	244202
6224	402597	244145
6225	402663	244081
6226	402738	244023
6227	402796	243954
6228	402858	243888
6229	402920	243822
6230	402983	243756
6231	403047	243690
6232	403110	243625
6233	403178	243562
6234	403240	243496
6235	403307	243432
6236	403373	243369
6237	403443	243307
6238	403516	243248
6239	403586	243186
6240	403655	243124
6241	403710	243054
6242	403773	242988
6243	403832	242920
6244	403902	242858
6245	403970	242796
6246	404041	242735
6247	404110	242673
6248	404175	242608
6249	404239	242543
6250	404306	242480
6251	404368	242414
6252	404431	242348
6253	404498	242285
6254	404559	242218
6255	404617	242149
6256	404679	242083
6257	404743	242018
6258	404803	241950
6259	404881	241894
6260	404950	241832
6261	405017	241768
6262	405077	241701
6263	405143	241637
6264	405205	241570
6265	405271	241506
6266	405336	241442
6267	405397	241376
6268	405464	241312
6269	405533	241250
6270	405596	241184
6271	405654	241116
6272	405720	241052
6273	405782	240985
6274	405845	240920
6275	405912	240856
6276	405974	240790
6277	406040	240726
6278	406112	240666
6279	406178	240602
6280	406247	240540
6281	406309	240474
6282	406372	240408
6283	406423	240335
6284	406492	240273
6285	406547	240203
6286	406603	240133
6287	406660	240064
6288	406725	239999
6289	406786	239932
6290	406849	239866
6291	406911	239801
6292	406979	239738
6293	407042	239672
6294	407101	239604
6295	407161	239537
6296	407220	239469
6297	407274	239398
6298	407336	239332
6299	407396	239264
6300	407462	239200
6301	407524	239134
6302	407587	239069
6303	407648	239001
6304	407715	238938
6305	407782	238875
6306	407848	238811
6307	407910	238745
6308	407977	238682
6309	408037	238614
6310	408110	238555
6311	408175	238490
6312	408240	238425
6313	408313	238365
6314	408368	238295
6315	408430	238229
6316	408496	238165
6317	408552	238095
6318	408615	238030
6319	408672	237961
6320	408741	237899
6321	408804	237833
6322	408871	237770
6323	408928	237700
6324	408990	237634
6325	409048	237566
6326	409102	237495
6327	409162	237428
6328	409225	237362
6329	409288	237296
6330	409350	237230
6331	409414	237165
6332	409479	237101
6333	409532	237029
6334	409595	236964
6335	409664	236901
6336	409731	236838
6337	409801	236776
6338	409867	236713
6339	409924	236644
6340	409980	236574
6341	410044	236509
6342	410110	236445
6343	410178	236382
6344	410249	236321
6345	410305	236252
6346	410368	236186
6347	410436	236123
6348	410503	236060
6349	410564	235993
6350	410624	235926
6351	410691	235862
6352	410757	235799
6353	410819	235733
6354	410882	235667
6355	410949	235604
6356	411015	235540
6357	411088	235480
6358	411151	235414
6359	411208	235345
6360	411282	235286
6361	411343	235219
6362	411409	235155
6363	411477	235093
6364	411543	235029
6365	411604	234962
6366	411667	234896
6367	411731	234831
6368	411794	234766
6369	411844	234693
6370	411907	234627
6371	411969	234561
6372	412033	234496
6373	412096	234430
6374	412151	234360
6375	412209	234292
6376	412276	234228
6377	412343	234165
6378	412412	234103
6379	412480	234040
6380	412540	233973
6381	412604	233908
6382	412667	233842
6383	412728	233775
6384	412788	233708
6385	412847	233641
6386	412914	233577
6387	412981	233514
6388	413042	233447
6389	413112	233385
6390	413179	233322
6391	413244	233258
6392	413305	233191
6393	413376	233130
6394	413438	233064
6395	413504	233000
6396	413566	232934
6397	413625	232866
6398	413683	232798
6399	413740	232728
6400	413803	232663
6401	413865	232597
6402	413932	232534
6403	414001	232471
6404	414071	232410
6405	414139	232347
6406	414200	232280
6407	414254	232210
6408	414315	232143
6409	414377	232077
6410	414450	232017
6411	414506	231947
6412	414577	231886
6413	414641	231821
6414	414704	231756
6415	414766	231689
6416	414827	231623
6417	414887	231556
6418	414953	231492
6419	415024	231431
6420	415087	231365
6421	415151	231300
6422	415209	231232
6423	415265	231162
6424	415330	231098
6425	415400	231036
6426	415464	230971
6427	415525	230904
6428	415591	230840
6429	415652	230774
6430	415713	230707
6431	415782	230645
6432	415842	230578
6433	415896	230507
6434	415961	230443
6435	416030	230381
6436	416100	230319
6437	416160	230251
6438	416213	230181
6439	416270	230112
6440	416330	230044
6441	416395	229980
6442	416453	229912
6443	416516	229847
6444	416577	229780
6445	416634	229711
6446	416699	229646
6447	416755	229577
6448	416825	229515
6449	416887	229449
6450	416950	229384
6451	417012	229318
6452	417077	229253
6453	417135	229185
6454	417192	229116
6455	417246	229046
6456	417307	228979
6457	417372	228914
6458	417434	228848
6459	417505	228787
6460	417572	228724
6461	417637	228659
6462	417699	228594
6463	417764	228529
6464	417823	228461
6465	417883	228394
6466	417940	228325
6467	417999	228258
6468	418058	228190
6469	418125	228127
6470	418192	228063
6471	418254	227997
6472	418315	227931
6473	418372	227862
6474	418440	227799
6475	418499	227731
6476	418558	227664
6477	418615	227595
6478	418674	227527
6479	418742	227464
6480	418805	227399
6481	418864	227331
6482	418923	227264
6483	418985	227198
6484	419050	227133
6485	419110	227066
6486	419171	226999
6487	419227	226930
6488	419291	226865
6489	419352	226799
6490	419409	226730
6491	419473	226665
6492	419537	226600
6493	419598	226533
6494	419656	226466
6495	419713	226397
6496	419781	226334
6497	419840	226266
6498	419901	226200
6499	419965	226135
6500	420030	226070
6501	420090	226003
6502	420149	225936
6503	420209	225868
6504	420266	225800
6505	420328	225734
6506	420400	225673
6507	420467	225610
6508	420536	225547
6509	420595	225480
6510	420660	225415
6511	420725	225351
6512	420787	225285
6513	420843	225216
6514	420898	225146
6515	420962	225081
6516	421026	225017
6517	421082	224947
6518	421145	224882
6519	421216	224820
6520	421274	224752
6521	421331	224684
6522	421395	224619
6523	421461	224555
6524	421513	224483
6525	421577	224419
6526	421638	224352
6527	421699	224286
6528	421755	224216
6529	421819	224152
6530	421874	224082
6531	421945	224021
6532	422007	223955
6533	422072	223890
6534	422125	223820
6535	422185	223753
6536	422248	223687
6537	422316	223624
6538	422386	223563
6539	422455	223500
6540	422517	223435
6541	422578	223368
6542	422642	223303
6543	422709	223240
6544	422768	223172
6545	422833	223108
6546	422900	223045
6547	422968	222982
6548	423032	222917
6549	423095	222851
6550	423156	222785
6551	423224	222722
6552	423290	222658
6553	423355	222594
6554	423416	222527
6555	423479	222462
6556	423542	222396
6557	423604	222331
6558	423669	222266
6559	423735	222202
6560	423796	222136
6561	423867	222075
6562	423927	222008
6563	423996	221945
6564	424050	221875
6565	424120	221813
6566	424183	221748
6567	424251	221685
6568	424312	221619
6569	424373	221552
6570	424443	221490
6571	424515	221429
6572	424575	221363
6573	424638	221297
6574	424710	221236
6575	424781	221175
6576	424847	221111
6577	424905	221044
6578	424967	220977
6579	425026	220910
6580	425090	220845
6581	425155	220780
6582	425222	220717
6583	425288	220653
6584	425356	220591
6585	425427	220529
6586	425493	220466
6587	425562	220403
6588	425630	220340
6589	425696	220277
6590	425755	220209
6591	425814	220142
6592	425869	220072
6593	425934	220008
6594	425996	219942
6595	426060	219877
6596	426126	219813
6597	426192	219749
6598	426252	219682
6599	426315	219616
6600	426371	219547
6601	426430	219480
6602	426500	219418
6603	426552	219347
6604	426611	219280
6605	426676	219216
6606	426742	219151
6607	426797	219082
6608	426857	219015
6609	426927	218953
6610	426988	218887
6611	427042	218817
6612	427105	218751
6613	427172	218688
6614	427230	218620
6615	427299	218558
6616	427362	218493
6617	427434	218432
6618	427505	218370
6619	427570	218306
6620	427634	218241
6621	427692	218173
6622	427756	218108
6623	427816	218041
6624	427883	217978
6625	427947	217913
6626	428014	217850
6627	428085	217788
6628	428147	217722
6629	428216	217660
6630	428285	217598
6631	428346	217531
6632	428415	217469
6633	428484	217407
6634	428552	217344
6635	428612	217277
6636	428671	217210
6637	428732	217143
6638	428791	217075
6639	428855	217011
6640	428915	216944
6641	428979	216879
6642	429040	216813
6643	429102	216747
6644	429169	216683
6645	429228	216616
6646	429301	216555
6647	429365	216490
6648	429426	216424
6649	429486	216358
6650	429548	216292
6651	429602	216222
6652	429660	216154
6653	429719	216086
6654	429780	216020
6655	429841	215954
6656	429906	215889
6657	429974	215826
6658	430031	215758
6659	430092	215691
6660	430156	215627
6661	430211	215557
6662	430263	215486
6663	430316	215416
6664	430381	215352
6665	430449	215289
6666	430507	215221
6667	430561	215151
6668	430624	215086
6669	430686	215020
6670	430755	214957
6671	430819	214893
6672	430884	214828
6673	430940	214760
6674	431000	214692
6675	431065	214628
6676	431129	214563
6677	431189	214496
6678	431249	214430
6679	431313	214365
6680	431369	214296
6681	431430	214230
6682	431498	214167
6683	431566	214104
6684	431628	214038
6685	431693	213974
6686	431761	213911
6687	431830	213849
6688	431892	213783
6689	431949	213715
6690	432013	213650
6691	432073	213583
6692	432145	213522
6693	432214	213459
6694	432276	213394
6695	432340	213329
6696	432399	213261
6697	432463	213197
6698	432523	213130
6699	432588	213065
6700	432658	213003
6701	432721	212938
6702	432783	212872
6703	432842	212805
6704	432904	212739
6705	432963	212672
6706	433025	212606
6707	433090	212542
6708	433157	212478
6709	433229	212418
6710	433302	212357
6711	433379	212299
6712	433440	212232
6713	433511	212171
6714	433574	212106
6715	433647	212045
6716	433713	211981
6717	433785	211920
6718	433846	211854
6719	433895	211782
6720	433955	211715
6721	434023	211652
6722	434084	211586
6723	434149	211522
6724	434215	211458
6725	434280	211393
6726	434349	211331
6727	434400	211260
6728	434457	211192
6729	434520	211126
6730	434584	211061
6731	434650	210997
6732	434713	210932
6733	434777	210867
6734	434839	210801
6735	434891	210731
6736	434957	210667
6737	435020	210602
6738	435089	210539
6739	435155	210475
6740	435206	210404
6741	435270	210339
6742	435333	210274
6743	435398	210210
6744	435461	210144
6745	435529	210081
6746	435589	210015
6747	435647	209947
6748	435712	209883
6749	435781	209820
6750	435842	209754
6751	435911	209691
6752	435978	209628
6753	436045	209565
6754	436121	209505
6755	436185	209441
6756	436251	209377
6757	436307	209308
6758	436368	209242
6759	436425	209174
6760	436485	209107
6761	436549	209042
6762	436613	208977
6763	436662	208905
6764	436724	208840
6765	436786	208774
6766	436855	208711
6767	436921	208647
6768	436979	208580
6769	437033	208510
6770	437095	208445
6771	437158	208379
6772	437220	208313
6773	437288	208251
6774	437356	208188
6775	437416	208121
6776	437482	208057
6777	437558	207998
6778	437624	207934
6779	437684	207867
6780	437741	207799
6781	437798	207731
6782	437864	207667
6783	437920	207598
6784	437973	207529
6785	438035	207463
6786	438099	207398
6787	438151	207327
6788	438218	207264
6789	438279	207198
6790	438339	207131
6791	438400	207065
6792	438465	207001
6793	438526	206934
6794	438589	206869
6795	438641	206799
6796	438704	206734
6797	438759	206664
6798	438821	206599
6799	438882	206533
6800	438946	206468
6801	439011	206403
6802	439073	206338
6803	439133	206271
6804	439200	206207
6805	439265	206143
6806	439323	206076
6807	439382	206009
6808	439451	205946
6809	439523	205885
6810	439584	205819
6811	439649	205754
6812	439717	205692
6813	439786	205629
6814	439846	205563
6815	439912	205499
6816	439981	205436
6817	440039	205368
6818	440101	205303
6819	440163	205237
6820	440211	205165
6821	440277	205101
6822	440340	205036
6823	440406	204972
6824	440468	204906
6825	440527	204839
6826	440595	204776
6827	440654	204709
6828	440716	204643
6829	440773	204575
6830	440840	204512
6831	440897	204444
6832	440968	204382
6833	441033	204318
6834	441099	204254
6835	441153	204185
6836	441224	204123
6837	441290	204059
6838	441356	203995
6839	441414	203928
6840	441484	203866
6841	441549	203802
6842	441617	203738
6843	441679	203673
6844	441735	203604
6845	441798	203539
6846	441858	203472
6847	441916	203405
6848	441983	203341
6849	442041	203274
6850	442103	203208
6851	442169	203144
6852	442223	203075
6853	442287	203011
6854	442351	202946
6855	442418	202882
6856	442478	202816
6857	442537	202749
6858	442602	202684
6859	442669	202621
6860	442738	202559
6861	442801	202493
6862	442863	202427
6863	442925	202362
6864	442995	202300
6865	443067	202239
6866	443124	202171
6867	443189	202106
6868	443261	202045
6869	443332	201984
6870	443391	201917
6871	443457	201853
6872	443531	201792
6873	443588	201724
6874	443654	201661
6875	443722	201597
6876	443781	201531
6877	443841	201464
6878	443897	201396
6879	443954	201328
6880	444018	201263
6881	444085	201199
6882	444145	201133
6883	444213	201070
6884	444269	201002
6885	444333	200937
6886	444396	200871
6887	444457	200805
6888	444522	200741
6889	444592	200679
6890	444651	200612
6891	444715	200547
6892	444776	200481
6893	444841	200417
6894	444899	200350
6895	444962	200284
6896	445029	200221
6897	445085	200152
6898	445150	200088
6899	445216	200024
6900	445280	199959
6901	445329	199888
6902	445397	199825
6903	445468	199763
6904	445534	199700
6905	445607	199639
6906	445673	199575
6907	445734	199509
6908	445798	199444
6909	445863	199380
6910	445932	199317
6911	445989	199250
6912	446050	199183
6913	446115	199119
6914	446180	199055
6915	446248	198992
6916	446313	198927
6917	446377	198863
6918	446441	198798
6919	446499	198730
6920	446562	198665
6921	446628	198602
6922	446695	198538
6923	446760	198474
6924	446829	198411
6925	446897	198348
6926	446958	198282
6927	447012	198213
6928	447074	198147
6929	447136	198081
6930	447199	198016
6931	447267	197953
6932	447331	197889
6933	447392	197822
6934	447459	197759
6935	447522	197694
6936	447581	197627
6937	447640	197560
6938	447705	197496
6939	447770	197431
6940	447835	197367
6941	447891	197299
6942	447951	197232
6943	448019	197169
6944	448079	197103
6945	448135	197035
6946	448196	196969
6947	448257	196902
6948	448328	196841
6949	448390	196775
6950	448447	196708
6951	448511	196643
6952	448577	196579
6953	448633	196511
6954	448695	196445
6955	448756	196379
6956	448818	196313
6957	448882	196249
6958	448945	196183
6959	449012	196120
6960	449080	196057
6961	449144	195992
6962	449205	195926
6963	449267	195860
6964	449338	195799
6965	449396	195731
6966	449460	195667
6967	449520	195600
6968	449577	195532
6969	449646	195470
6970	449698	195400
6971	449764	195336
6972	449835	195274
6973	449902	195211
6974	449970	195148
6975	450028	195081
6976	450092	195016
6977	450154	194950
6978	450218	194885
6979	450283	194821
6980	450345	194756
6981	450402	194688
6982	450467	194624
6983	450529	194558
6984	450595	194494
6985	450665	194432
6986	450729	194367
6987	450787	194300
6988	450854	194236
6989	450925	194175
6990	450985	194109
6991	451045	194042
6992	451108	193977
6993	451174	193913
6994	451234	193846
6995	451302	193784
6996	451369	193720
6997	451430	193654
6998	451498	193591
6999	451566	193528
7000	451635	193466
7001	451692	193398
7002	451762	193336
7003	451824	193270
7004	451893	193207
7005	451954	193142
7006	452018	193077
7007	452085	193013
7008	452158	192952
7009	452225	192889
7010	452299	192828
7011	452367	192765
7012	452440	192705
7013	452502	192639
7014	452566	192574
7015	452628	192508
7016	452694	192445
7017	452759	192380
7018	452825	192316
7019	452892	192253
7020	452952	192187
7021	453022	192124
7022	453082	192058
7023	453145	191993
7024	453207	191927
7025	453270	191862
7026	453329	191795
7027	453390	191729
7028	453452	191664
7029	453514	191598
7030	453575	191532
7031	453638	191467
7032	453693	191398
7033	453759	191335
7034	453820	191269
7035	453881	191202
7036	453950	191140
7037	454016	191076
7038	454075	191009
7039	454138	190944
7040	454195	190876
7041	454257	190811
7042	454325	190748
7043	454385	190681
7044	454454	190619
7045	454520	190555
7046	454586	190491
7047	454648	190426
7048	454706	190358
7049	454772	190295
7050	454837	190230
7051	454892	190162
7052	454945	190092
7053	455013	190029
7054	455075	189964
7055	455142	189900
7056	455202	189834
7057	455267	189769
7058	455322	189701
7059	455383	189635
7060	455446	189570
7061	455516	189508
7062	455573	189440
7063	455638	189376
7064	455704	189312
7065	455762	189245
7066	455818	189177
7067	455883	189112
7068	455949	189049
7069	456013	188984
7070	456076	188919
7071	456135	188852
7072	456202	188789
7073	456264	188723
7074	456324	188657
7075	456391	188593
7076	456452	188527
7077	456509	188460
7078	456577	188396
7079	456642	188332
7080	456703	188266
7081	456761	188199
7082	456815	188131
7083	456878	188065
7084	456939	187999
7085	457005	187935
7086	457074	187873
7087	457141	187810
7088	457210	187747
7089	457267	187679
7090	457328	187613
7091	457389	187547
7092	457450	187481
7093	457515	187417
7094	457579	187352
7095	457647	187289
7096	457708	187223
7097	457770	187158
7098	457830	187092
7099	457886	187024
7100	457947	186958
7101	458010	186893
7102	458078	186830
7103	458135	186762
7104	458194	186695
7105	458252	186628
7106	458310	186561
7107	458371	186495
7108	458439	186432
7109	458503	186367
7110	458570	186304
7111	458624	186235
7112	458679	186167
7113	458741	186101
7114	458810	186038
7115	458870	185972
7116	458933	185907
7117	458986	185838
7118	459045	185771
7119	459108	185706
7120	459174	185642
7121	459235	185577
7122	459298	185512
7123	459360	185446
7124	459424	185381
7125	459482	185314
7126	459549	185251
7127	459617	185188
7128	459686	185125
7129	459749	185060
7130	459813	184995
7131	459876	184930
7132	459937	184864
7133	459994	184797
7134	460057	184732
7135	460115	184665
7136	460183	184602
7137	460237	184533
7138	460301	184468
7139	460364	184403
7140	460429	184339
7141	460499	184277
7142	460560	184211
7143	460624	184146
7144	460681	184079
7145	460743	184013
7146	460802	183947
7147	460870	183884
7148	460926	183816
7149	460990	183751
7150	461054	183686
7151	461121	183623
7152	461190	183560
7153	461268	183501
7154	461336	183438
7155	461400	183373
7156	461466	183309
7157	461529	183244
7158	461592	183179
7159	461659	183116
7160	461728	183053
7161	461795	182990
7162	461849	182921
7163	461915	182857
7164	461973	182790
7165	462037	182726
7166	462104	182662
7167	462162	182595
7168	462225	182530
7169	462285	182464
7170	462353	182400
7171	462413	182334
7172	462479	182270
7173	462542	182206
7174	462607	182141
7175	462679	182080
7176	462741	182014
7177	462801	181948
7178	462865	181883
7179	462924	181816
7180	462982	181750
7181	463041	181683
7182	463101	181617
7183	463154	181548
7184	463217	181483
7185	463279	181417
7186	463343	181353
7187	463411	181290
7188	463480	181227
7189	463540	181161
7190	463611	181099
7191	463678	181035
7192	463744	180971
7193	463817	180910
7194	463878	180845
7195	463945	180781
7196	464012	180717
7197	464081	180655
7198	464146	180590
7199	464208	180525
7200	464283	180465
7201	464343	180398
7202	464400	180331
7203	464457	180264
7204	464513	180196
7205	464574	180130
7206	464641	180067
7207	464707	180003
7208	464775	179939
7209	464845	179877
7210	464919	179817
7211	464984	179752
7212	465048	179688
7213	465113	179623
7214	465185	179562
7215	465256	179500
7216	465316	179433
7217	465378	179368
7218	465442	179303
7219	465507	179239
7220	465569	179174
7221	465636	179110
7222	465692	179043
7223	465748	178975
7224	465805	178908
7225	465869	178843
7226	465939	178780
7227	465994	178712
7228	466054	178646
7229	466131	178586
7230	466193	178521
7231	466255	178456
7232	466319	178391
7233	466387	178328
7234	466441	178259
7235	466508	178196
7236	466577	178133
7237	466639	178068
7238	466698	178001
7239	466761	177936
7240	466824	177871
7241	466893	177808
7242	466960	177745
7243	467021	177679
7244	467084	177614
7245	467151	177551
7246	467217	177487
7247	467285	177424
7248	467350	177359
7249	467412	177294
7250	467476	177229
7251	467541	177165
7252	467602	177099
7253	467664	177034
7254	467720	176966
7255	467780	176900
7256	467850	176837
7257	467912	176772
7258	467980	176709
7259	468040	176643
7260	468099	176576
7261	468165	176512
7262	468234	176450
7263	468298	176385
7264	468355	176318
7265	468418	176253
7266	468475	176185
7267	468538	176120
7268	468607	176058
7269	468673	175994
7270	468734	175928
7271	468791	175861
7272	468855	175796
7273	468920	175732
7274	468980	175666
7275	469046	175602
7276	469111	175538
7277	469177	175474
7278	469241	175409
7279	469291	175339
7280	469345	175271
7281	469405	175205
7282	469470	175140
7283	469527	175073
7284	469587	175007
7285	469654	174944
7286	469715	174878
7287	469776	174812
7288	469835	174746
7289	469894	174679
7290	469955	174613
7291	470022	174550
7292	470097	174489
7293	470157	174423
7294	470219	174358
7295	470281	174292
7296	470348	174229
7297	470404	174161
7298	470467	174096
7299	470529	174031
7300	470594	173967
7301	470657	173902
7302	470728	173840
7303	470797	173777
7304	470870	173715
7305	470927	173648
7306	470998	173586
7307	471067	173524
7308	471136	173461
7309	471199	173396
7310	471261	173330
7311	471317	173263
7312	471374	173196
7313	471436	173130
7314	471498	173065
7315	471567	173002
7316	471637	172940
7317	471707	172877
7318	471773	172813
7319	471835	172748
7320	471909	172687
7321	471971	172622
7322	472031	172556
7323	472087	172488
7324	472151	172423
7325	472214	172358
7326	472273	172292
7327	472332	172226
7328	472393	172160
7329	472450	172093
7330	472517	172029
7331	472580	171964
7332	472637	171897
7333	472691	171829
7334	472755	171764
7335	472820	171700
7336	472886	171636
7337	472955	171573
7338	473015	171507
7339	473080	171443
7340	473141	171377
7341	473203	171312
7342	473261	171245
7343	473326	171181
7344	473389	171116
7345	473460	171054
7346	473518	170987
7347	473575	170920
7348	473630	170852
7349	473692	170787
7350	473752	170721
7351	473820	170657
7352	473884	170593
7353	473946	170528
7354	474008	170462
7355	474066	170395
7356	474131	170331
7357	474200	170268
7358	474258	170202
7359	474319	170136
7360	474380	170070
7361	474451	170008
7362	474526	169948
7363	474591	169883
7364	474654	169818
7365	474712	169751
7366	474770	169685
7367	474830	169619
7368	474894	169554
7369	474964	169492
7370	475023	169425
7371	475087	169361
7372	475143	169293
7373	475208	169229
7374	475264	169161
7375	475327	169096
7376	475392	169032
7377	475455	168967
7378	475518	168902
7379	475587	168840
7380	475652	168775
7381	475718	168711
7382	475785	168648
7383	475853	168585
7384	475907	168517
7385	475969	168451
7386	476029	168385
7387	476099	168323
7388	476157	168256
7389	476222	168192
7390	476288	168128
7391	476350	168063
7392	476410	167997
7393	476467	167929
7394	476535	167866
7395	476594	167800
7396	476668	167739
7397	476734	167675
7398	476798	167610
7399	476861	167546
7400	476936	167485
7401	476996	167419
7402	477058	167353
7403	477122	167289
7404	477184	167224
7405	477241	167156
7406	477303	167091
7407	477363	167025
7408	477429	166961
7409	477495	166898
7410	477561	166833
7411	477619	166767
7412	477680	166701
7413	477742	166636
7414	477803	166570
7415	477863	166504
7416	477926	166439
7417	477986	166373
7418	478047	166308
7419	478119	166246
7420	478185	166182
7421	478244	166116
7422	478309	166051
7423	478378	165989
7424	478445	165925
7425	478509	165861
7426	478577	165797
7427	478637	165731
7428	478708	165669
7429	478774	165605
7430	478840	165541
7431	478906	165477
7432	478973	165414
7433	479029	165347
7434	479096	165283
7435	479154	165216
7436	479218	165152
7437	479280	165086
7438	479338	165020
7439	479399	164954
7440	479468	164891
7441	479537	164828
7442	479592	164761
7443	479657	164697
7444	479727	164634
7445	479796	164571
7446	479854	164504
7447	479909	164437
7448	479969	164371
7449	480031	164306
7450	480093	164240
7451	480162	164177
7452	480223	164112
7453	480282	164045
7454	480345	163981
7455	480398	163912
7456	480458	163846
7457	480523	163782
7458	480582	163716
7459	480648	163652
7460	480712	163588
7461	480777	163523
7462	480844	163459
7463	480901	163393
7464	480969	163329
7465	481033	163265
7466	481093	163199
7467	481151	163132
7468	481212	163067
7469	481276	163002
7470	481346	162940
7471	481408	162874
7472	481470	162809
7473	481534	162744
7474	481601	162681
7475	481668	162617
7476	481727	162551
7477	481788	162486
7478	481843	162418
7479	481905	162353
7480	481977	162291
7481	482039	162226
7482	482105	162162
7483	482170	162097
7484	482232	162032
7485	482290	161966
7486	482355	161901
7487	482416	161836
7488	482474	161769
7489	482532	161703
7490	482596	161638
7491	482659	161573
7492	482727	161510
7493	482794	161446
7494	482861	161383
7495	482924	161318
7496	482984	161252
7497	483043	161186
7498	483105	161120
7499	483161	161053
7500	483222	160988
7501	483287	160924
7502	483360	160862
7503	483424	160797
7504	483489	160733
7505	483550	160668
7506	483613	160603
7507	483671	160536
7508	483730	160470
7509	483795	160406
7510	483863	160342
7511	483919	160275
7512	483985	160211
7513	484050	160147
7514	484116	160083
7515	484178	160018
7516	484242	159954
7517	484310	159890
7518	484363	159822
7519	484426	159757
7520	484488	159692
7521	484547	159626
7522	484611	159561
7523	484666	159494
7524	484728	159428
7525	484793	159364
7526	484865	159302
7527	484925	159236
7528	484988	159172
7529	485046	159105
7530	485114	159042
7531	485167	158974
7532	485228	158908
7533	485291	158843
7534	485352	158778
7535	485415	158713
7536	485484	158650
7537	485536	158581
7538	485603	158518
7539	485675	158456
7540	485737	158391
7541	485798	158325
7542	485857	158259
7543	485923	158195
7544	485989	158131
7545	486048	158065
7546	486116	158002
7547	486183	157938
7548	486250	157875
7549	486315	157811
7550	486380	157746
7551	486447	157683
7552	486507	157617
7553	486567	157551
7554	486626	157485
7555	486694	157422
7556	486754	157356
7557	486819	157291
7558	486886	157228
7559	486947	157163
7560	487009	157097
7561	487077	157034
7562	487143	156970
7563	487199	156903
7564	487270	156841
7565	487328	156774
7566	487395	156711
7567	487461	156647
7568	487528	156583
7569	487593	156519
7570	487662	156456
7571	487729	156392
7572	487792	156328
7573	487849	156261
7574	487903	156193
7575	487961	156126
7576	488023	156061
7577	488087	155997
7578	488154	155933
7579	488217	155868
7580	488280	155803
7581	488338	155737
7582	488406	155674
7583	488464	155607
7584	488523	155541
7585	488578	155474
7586	488637	155408
7587	488700	155343
7588	488768	155280
7589	488829	155214
7590	488882	155146
7591	488937	155079
7592	488995	155012
7593	489048	154944
7594	489112	154880
7595	489175	154815
7596	489240	154751
7597	489308	154688
7598	489369	154622
7599	489421	154554
7600	489476	154486
7601	489543	154423
7602	489609	154359
7603	489680	154297
7604	489745	154232
7605	489816	154170
7606	489874	154104
7607	489943	154040
7608	490004	153975
7609	490069	153911
7610	490127	153845
7611	490191	153780
7612	490254	153715
7613	490315	153650
7614	490374	153583
7615	490431	153517
7616	490495	153452
7617	490551	153385
7618	490599	153316
7619	490662	153251
7620	490725	153186
7621	490797	153124
7622	490869	153062
7623	490936	152998
7624	490997	152933
7625	491060	152868
7626	491122	152803
7627	491186	152739
7628	491251	152675
7629	491306	152607
7630	491370	152543
7631	491429	152477
7632	491488	152410
7633	491551	152346
7634	491625	152284
7635	491681	152217
7636	491741	152151
7637	491809	152088
7638	491874	152024
7639	491937	151959
7640	492001	151895
7641	492062	151829
7642	492125	151764
7643	492196	151702
7644	492253	151635
7645	492320	151572
7646	492384	151507
7647	492450	151444
7648	492512	151378
7649	492579	151315
7650	492639	151249
7651	492700	151184
7652	492763	151119
7653	492817	151051
7654	492886	150988
7655	492949	150923
7656	493023	150862
7657	493080	150795
7658	493151	150733
7659	493206	150666
7660	493272	150602
7661	493337	150538
7662	493405	150474
7663	493466	150409
7664	493518	150341
7665	493579	150275
7666	493644	150211
7667	493712	150148
7668	493777	150084
7669	493838	150018
7670	493898	149953
7671	493961	149888
7672	494021	149822
7673	494079	149756
7674	494130	149687
7675	494190	149621
7676	494255	149557
7677	494309	149490
7678	494372	149425
7679	494432	149359
7680	494486	149292
7681	494543	149225
7682	494607	149161
7683	494666	149095
7684	494721	149028
7685	494787	148963
7686	494854	148900
7687	494912	148834
7688	494967	148766
7689	495032	148702
7690	495098	148639
7691	495158	148573
7692	495227	148510
7693	495295	148447
7694	495352	148380
7695	495415	148315
7696	495474	148249
7697	495533	148183
7698	495585	148115
7699	495651	148051
7700	495721	147989
7701	495784	147924
7702	495851	147860
7703	495912	147795
7704	495979	147731
7705	496052	147669
7706	496120	147606
7707	496182	147541
7708	496251	147478
7709	496313	147413
7710	496367	147346
7711	496427	147280
7712	496488	147214
7713	496545	147148
7714	496604	147082
7715	496671	147018
7716	496735	146954
7717	496792	146887
7718	496860	146824
7719	496918	146758
7720	496980	146693
7721	497037	146626
7722	497106	146563
7723	497164	146497
7724	497238	146436
7725	497305	146372
7726	497365	146306
7727	497426	146241
7728	497485	146175
7729	497543	146109
7730	497605	146044
7731	497668	145979
7732	497735	145915
7733	497789	145848
7734	497849	145782
7735	497914	145718
7736	497982	145655
7737	498047	145591
7738	498113	145527
7739	498179	145463
7740	498243	145398
7741	498296	145331
7742	498358	145266
7743	498416	145199
7744	498476	145134
7745	498544	145071
7746	498612	145007
7747	498664	144939
7748	498724	144874
7749	498786	144808
7750	498856	144746
7751	498928	144684
7752	498992	144619
7753	499064	144557
7754	499135	144495
7755	499198	144430
7756	499262	144365
7757	499319	144299
7758	499379	144233
7759	499447	144170
7760	499515	144106
7761	499571	144040
7762	499637	143976
7763	499703	143912
7764	499774	143850
7765	499842	143786
7766	499895	143719
7767	499956	143653
7768	500018	143588
7769	500077	143523
7770	500139	143457
7771	500208	143394
7772	500275	143331
7773	500336	143265
7774	500404	143202
7775	500475	143139
7776	500545	143077
7777	500607	143012
7778	500667	142946
7779	500728	142881
7780	500786	142815
7781	500847	142749
7782	500905	142683
7783	500974	142620
7784	501028	142553
7785	501090	142488
7786	501153	142423
7787	501205	142355
7788	501262	142289
7789	501321	142223
7790	501385	142159
7791	501440	142091
7792	501507	142028
7793	501568	141963
7794	501629	141897
7795	501685	141830
7796	501747	141766
7797	501814	141702
7798	501877	141637
7799	501935	141571
7800	501997	141506
7801	502051	141439
7802	502112	141373
7803	502175	141309
7804	502234	141243
7805	502303	141180
7806	502366	141115
7807	502429	141050
7808	502496	140987
7809	502559	140922
7810	502618	140856
7811	502681	140791
7812	502741	140726
7813	502796	140659
7814	502860	140594
7815	502932	140532
7816	503002	140469
7817	503068	140406
7818	503128	140340
7819	503190	140275
7820	503256	140211
7821	503321	140147
7822	503388	140084
7823	503453	140019
7824	503522	139956
7825	503579	139890
7826	503636	139823
7827	503700	139759
7828	503761	139694
7829	503823	139629
7830	503876	139561
7831	503940	139497
7832	504002	139432
7833	504058	139365
7834	504126	139302
7835	504189	139237
7836	504248	139171
7837	504313	139107
7838	504380	139043
7839	504441	138978
7840	504500	138912
7841	504564	138848
7842	504625	138783
7843	504686	138718
7844	504748	138652
7845	504806	138586
7846	504860	138519
7847	504924	138455
7848	504994	138392
7849	505059	138328
7850	505120	138263
7851	505177	138196
7852	505232	138129
7853	505293	138064
7854	505355	137999
7855	505421	137935
7856	505479	137869
7857	505547	137806
7858	505613	137742
7859	505674	137677
7860	505735	137611
7861	505800	137547
7862	505866	137484
7863	505932	137420
7864	506001	137357
7865	506064	137292
7866	506120	137225
7867	506183	137161
7868	506251	137097
7869	506316	137033
7870	506382	136969
7871	506446	136905
7872	506511	136841
7873	506580	136778
7874	506647	136714
7875	506711	136650
7876	506781	136587
7877	506843	136522
7878	506903	136456
7879	506972	136393
7880	507039	136330
7881	507107	136266
7882	507168	136201
7883	507233	136137
7884	507294	136072
7885	507356	136007
7886	507420	135942
7887	507475	135875
7888	507531	135809
7889	507591	135743
7890	507654	135679
7891	507716	135614
7892	507775	135548
7893	507835	135482
7894	507890	135416
7895	507950	135350
7896	508013	135285
7897	508076	135221
7898	508132	135154
7899	508198	135090
7900	508259	135025
7901	508326	134961
7902	508394	134898
7903	508458	134834
7904	508514	134767
7905	508579	134703
7906	508643	134638
7907	508700	134572
7908	508748	134504
7909	508807	134438
7910	508876	134375
7911	508941	134311
7912	509002	134246
7913	509053	134178
7914	509125	134115
7915	509182	134049
7916	509242	133984
7917	509303	133918
7918	509373	133856
7919	509436	133791
7920	509512	133730
7921	509580	133666
7922	509648	133603
7923	509714	133539
7924	509776	133474
7925	509842	133410
7926	509911	133347
7927	509975	133283
7928	510029	133216
7929	510092	133151
7930	510157	133087
7931	510212	133020
7932	510267	132953
7933	510335	132890
7934	510391	132824
7935	510457	132760
7936	510518	132694
7937	510582	132630
7938	510646	132566
7939	510709	132501
7940	510774	132437
7941	510828	132370
7942	510889	132305
7943	510958	132241
7944	511019	132176
7945	511087	132113
7946	511151	132048
7947	511205	131982
7948	511267	131917
7949	511325	131851
7950	511389	131786
7951	511449	131721
7952	511512	131656
7953	511579	131593
7954	511642	131528
7955	511703	131463
7956	511770	131399
7957	511830	131334
7958	511894	131269
7959	511959	131205
7960	512027	131142
7961	512082	131075
7962	512157	131014
7963	512221	130949
7964	512285	130885
7965	512341	130818
7966	512407	130755
7967	512472	130690
7968	512539	130627
7969	512594	130560
7970	512663	130497
7971	512720	130431
7972	512786	130367
7973	512845	130301
7974	512903	130235
7975	512960	130169
7976	513020	130104
7977	513087	130040
7978	513154	129976
7979	513226	129914
7980	513290	129850
7981	513356	129786
7982	513417	129720
7983	513479	129656
7984	513542	129591
7985	513607	129527
7986	513672	129463
7987	513742	129400
7988	513810	129336
7989	513879	129273
7990	513937	129207
7991	513995	129141
7992	514062	129078
7993	514134	129016
7994	514202	128952
7995	514264	128887
7996	514311	128818
7997	514374	128754
7998	514435	128689
7999	514497	128624
8000	514568	128561
8001	514650	128501
8002	514710	128436
8003	514779	128373
8004	514849	128310
8005	514907	128244
8006	514966	128178
8007	515029	128114
8008	515096	128050
8009	515163	127987
8010	515230	127923
8011	515288	127857
8012	515352	127793
8013	515415	127728
8014	515479	127664
8015	515538	127598
8016	515600	127533
8017	515662	127468
8018	515726	127404
8019	515786	127338
8020	515851	127274
8021	515910	127209
8022	515978	127145
8023	516032	127078
8024	516096	127014
8025	516154	126948
8026	516210	126882
8027	516278	126818
8028	516350	126756
8029	516417	126692
8030	516477	126627
8031	516553	126565
8032	516613	126500
8033	516677	126436
8034	516736	126370
8035	516803	126306
8036	516868	126242
8037	516934	126178
8038	516993	126113
8039	517060	126049
8040	517124	125985
8041	517180	125918
8042	517242	125853
8043	517305	125789
8044	517368	125724
8045	517427	125659
8046	517487	125593
8047	517549	125528
8048	517618	125465
8049	517681	125401
8050	517736	125334
8051	517796	125269
8052	517858	125204
8053	517915	125138
8054	517985	125075
8055	518050	125011
8056	518113	124946
8057	518175	124881
8058	518244	124818
8059	518300	124752
8060	518358	124686
8061	518433	124624
8062	518491	124558
8063	518550	124493
8064	518614	124428
8065	518692	124367
8066	518752	124302
8067	518813	124237
8068	518867	124170
8069	518933	124106
8070	519004	124044
8071	519067	123979
8072	519133	123915
8073	519198	123851
8074	519267	123788
8075	519332	123724
8076	519400	123660
8077	519466	123596
8078	519530	123532
8079	519585	123465
8080	519652	123402
8081	519714	123337
8082	519776	123272
8083	519833	123206
8084	519893	123141
8085	519954	123076
8086	520013	123010
8087	520070	122944
8088	520125	122877
8089	520189	122813
8090	520253	122749
8091	520312	122683
8092	520387	122621
8093	520447	122556
8094	520514	122492
8095	520574	122427
8096	520631	122361
8097	520696	122297
8098	520761	122233
8099	520820	122167
8100	520882	122102
8101	520939	122037
8102	520999	121971
8103	521068	121908
8104	521135	121844
8105	521195	121779
8106	521259	121715
8107	521315	121648
8108	521383	121585
8109	521448	121521
8110	521515	121457
8111	521579	121393
8112	521639	121327
8113	521705	121264
8114	521766	121198
8115	521830	121134
8116	521892	121069
8117	521954	121004
8118	522013	120939
8119	522076	120874
8120	522142	120811
8121	522197	120744
8122	522258	120679
8123	522317	120613
8124	522376	120548
8125	522446	120485
8126	522497	120418
8127	522576	120357
8128	522643	120293
8129	522700	120227
8130	522760	120162
8131	522826	120098
8132	522893	120034
8133	522953	119969
8134	523014	119904
8135	523073	119838
8136	523141	119775
8137	523198	119709
8138	523252	119642
8139	523314	119578
8140	523369	119511
8141	523431	119446
8142	523494	119382
8143	523558	119317
8144	523620	119252
8145	523688	119189
8146	523761	119127
8147	523826	119063
8148	523892	118999
8149	523948	118933
8150	524007	118867
8151	524066	118802
8152	524133	118738
8153	524197	118674
8154	524267	118611
8155	524327	118545
8156	524395	118482
8157	524454	118416
8158	524516	118352
8159	524585	118288
8160	524647	118224
8161	524705	118158
8162	524766	118093
8163	524829	118028
8164	524888	117963
8165	524949	117898
8166	525009	117832
8167	525078	117769
8168	525139	117704
8169	525206	117641
8170	525275	117577
8171	525345	117514
8172	525417	117452
8173	525481	117388
8174	525538	117322
8175	525598	117256
8176	525661	117192
8177	525719	117126
8178	525783	117062
8179	525840	116996
8180	525896	116930
8181	525967	116867
8182	526033	116803
8183	526090	116737
8184	526151	116672
8185	526219	116609
8186	526277	116543
8187	526337	116478
8188	526402	116414
8189	526464	116349
8190	526524	116284
8191	526580	116217
8192	526638	116152
8193	526699	116087
8194	526761	116022
8195	526830	115959
8196	526893	115894
8197	526951	115828
8198	527012	115763
8199	527075	115699
8200	527139	115635
8201	527203	115570
8202	527264	115505
8203	527335	115442
8204	527413	115381
8205	527477	115317
8206	527533	115251
8207	527596	115186
8208	527658	115121
8209	527722	115057
8210	527780	114992
8211	527846	114928
8212	527906	114862
8213	527955	114795
8214	528018	114730
8215	528082	114666
8216	528146	114602
8217	528204	114536
8218	528265	114471
8219	528330	114407
8220	528393	114342
8221	528458	114278
8222	528519	114213
8223	528577	114147
8224	528644	114084
8225	528703	114018
8226	528761	113953
8227	528820	113887
8228	528881	113823
8229	528944	113758
8230	529005	113693
8231	529061	113627
8232	529126	113563
8233	529191	113499
8234	529259	113435
8235	529319	113370
8236	529390	113307
8237	529455	113243
8238	529522	113179
8239	529579	113114
8240	529641	113049
8241	529702	112984
8242	529765	112919
8243	529825	112854
8244	529887	112789
8245	529947	112724
8246	530010	112660
8247	530065	112593
8248	530130	112529
8249	530195	112465
8250	530262	112402
8251	530319	112336
8252	530378	112270
8253	530435	112204
8254	530504	112141
8255	530564	112076
8256	530626	112011
8257	530694	111948
8258	530761	111884
8259	530815	111818
8260	530885	111755
8261	530951	111691
8262	531007	111625
8263	531075	111561
8264	531138	111497
8265	531202	111433
8266	531268	111369
8267	531320	111302
8268	531375	111236
8269	531431	111170
8270	531490	111104
8271	531548	111039
8272	531602	110972
8273	531670	110909
8274	531724	110842
8275	531787	110778
8276	531847	110713
8277	531912	110649
8278	531976	110584
8279	532044	110521
8280	532107	110456
8281	532169	110392
8282	532225	110326
8283	532287	110261
8284	532355	110197
8285	532422	110134
8286	532481	110068
8287	532540	110003
8288	532604	109939
8289	532668	109874
8290	532726	109809
8291	532785	109744
8292	532850	109679
8293	532908	109614
8294	532962	109547
8295	533028	109484
8296	533092	109419
8297	533158	109355
8298	533216	109290
8299	533275	109225
8300	533331	109159
8301	533398	109095
8302	533464	109031
8303	533532	108968
8304	533598	108904
8305	533664	108840
8306	533731	108776
8307	533792	108711
8308	533854	108646
8309	533919	108582
8310	533989	108519
8311	534051	108455
8312	534114	108390
8313	534180	108326
8314	534249	108263
8315	534304	108197
8316	534359	108131
8317	534416	108065
8318	534486	108002
8319	534551	107938
8320	534611	107873
8321	534667	107807
8322	534732	107743
8323	534792	107678
8324	534854	107613
8325	534913	107547
8326	534972	107482
8327	535043	107419
8328	535104	107354
8329	535165	107289
8330	535231	107226
8331	535295	107161
8332	535357	107097
8333	535424	107033
8334	535495	106970
8335	535559	106906
8336	535618	106841
8337	535686	106777
8338	535752	106713
8339	535814	106648
8340	535885	106585
8341	535942	106520
8342	536009	106456
8343	536074	106392
8344	536139	106328
8345	536196	106262
8346	536260	106198
8347	536327	106134
8348	536387	106069
8349	536450	106005
8350	536508	105939
8351	536567	105874
8352	536629	105809
8353	536693	105745
8354	536762	105682
8355	536820	105616
8356	536882	105552
8357	536951	105488
8358	537018	105424
8359	537078	105359
8360	537139	105295
8361	537198	105229
8362	537256	105164
8363	537321	105100
8364	537388	105036
8365	537451	104971
8366	537517	104908
8367	537587	104845
8368	537654	104781
8369	537714	104716
8370	537775	104651
8371	537833	104585
8372	537898	104521
8373	537961	104457
8374	538022	104392
8375	538082	104327
8376	538137	104261
8377	538204	104197
8378	538268	104133
8379	538329	104068
8380	538384	104002
8381	538432	103935
8382	538501	103871
8383	538562	103806
8384	538628	103742
8385	538691	103678
8386	538760	103615
8387	538822	103550
8388	538888	103486
8389	538943	103420
8390	539002	103355
8391	539064	103290
8392	539129	103226
8393	539191	103161
8394	539247	103096
8395	539309	103031
8396	539369	102966
8397	539429	102901
8398	539491	102836
8399	539547	102770
8400	539608	102706
8401	539672	102641
8402	539732	102576
8403	539794	102512
8404	539860	102448
8405	539926	102384
8406	539995	102320
8407	540054	102255
8408	540120	102191
8409	540184	102127
8410	540247	102063
8411	540311	101998
8412	540377	101934
8413	540441	101870
8414	540497	101804
8415	540549	101738
8416	540608	101673
8417	540673	101609
8418	540732	101543
8419	540800	101480
8420	540862	101415
8421	540922	101350
8422	540991	101287
8423	541047	101221
8424	541104	101155
8425	541166	101091
8426	541232	101027
8427	541300	100963
8428	541358	100898
8429	541415	100832
8430	541479	100768
8431	541539	100703
8432	541601	100639
8433	541659	100573
8434	541731	100510
8435	541796	100446
8436	541859	100382
8437	541927	100318
8438	541997	100255
8439	542057	100190
8440	542118	100125
8441	542176	100060
8442	542232	99994
8443	542283	99928
8444	542341	99862
8445	542410	99799
8446	542478	99735
8447	542539	99671
8448	542607	99607
8449	542665	99542
8450	542736	99479
8451	542807	99416
8452	542868	99351
8453	542931	99286
8454	542991	99222
8455	543047	99156
8456	543112	99092
8457	543172	99027
8458	543231	98961
8459	543302	98899
8460	543367	98835
8461	543428	98770
8462	543495	98706
8463	543551	98640
8464	543612	98575
8465	543671	98510
8466	543730	98445
8467	543800	98382
8468	543864	98318
8469	543928	98253
8470	543994	98190
8471	544058	98125
8472	544118	98060
8473	544176	97995
8474	544237	97930
8475	544305	97867
8476	544368	97802
8477	544435	97738
8478	544494	97673
8479	544559	97609
8480	544617	97544
8481	544685	97480
8482	544748	97416
8483	544805	97350
8484	544867	97286
8485	544917	97219
8486	544973	97153
8487	545033	97088
8488	545095	97024
8489	545153	96959
8490	545221	96895
8491	545287	96831
8492	545353	96767
8493	545420	96703
8494	545486	96640
8495	545540	96574
8496	545609	96510
8497	545671	96446
8498	545731	96381
8499	545791	96316
8500	545853	96251
8501	545918	96187
8502	545987	96124
8503	546050	96059
8504	546110	95994
8505	546173	95930
8506	546242	95866
8507	546322	95805
8508	546381	95740
8509	546442	95675
8510	546510	95612
8511	546570	95547
8512	546633	95482
8513	546690	95417
8514	546747	95351
8515	546803	95286
8516	546868	95221
8517	546931	95157
8518	546994	95093
8519	547062	95029
8520	547129	94965
8521	547195	94901
8522	547256	94837
8523	547321	94773
8524	547386	94709
8525	547446	94644
8526	547510	94579
8527	547574	94515
8528	547631	94450
8529	547699	94386
8530	547761	94322
8531	547828	94258
8532	547889	94193
8533	547961	94130
8534	548027	94066
8535	548091	94002
8536	548156	93938
8537	548220	93874
8538	548289	93810
8539	548350	93746
8540	548409	93681
8541	548468	93615
8542	548526	93550
8543	548586	93485
8544	548646	93420
8545	548716	93357
8546	548781	93293
8547	548844	93229
8548	548910	93165
8549	548973	93100
8550	549042	93037
8551	549108	92973
8552	549174	92909
8553	549242	92846
8554	549307	92781
8555	549375	92718
8556	549429	92652
8557	549491	92587
8558	549558	92524
8559	549616	92458
8560	549680	92394
8561	549734	92328
8562	549794	92263
8563	549858	92199
8564	549922	92135
8565	549987	92071
8566	550047	92006
8567	550113	91942
8568	550178	91878
8569	550238	91813
8570	550297	91748
8571	550361	91684
8572	550424	91619
8573	550490	91555
8574	550553	91491
8575	550612	91426
8576	550668	91360
8577	550724	91295
8578	550794	91231
8579	550856	91167
8580	550914	91102
8581	550968	91036
8582	551031	90971
8583	551086	90906
8584	551143	90840
8585	551205	90776
8586	551264	90711
8587	551321	90645
8588	551389	90582
8589	551451	90517
8590	551510	90452
8591	551571	90387
8592	551634	90323
8593	551688	90257
8594	551747	90192
8595	551802	90126
8596	551866	90062
8597	551926	89997
8598	551983	89932
8599	552045	89867
8600	552109	89803
8601	552172	89739
8602	552239	89675
8603	552294	89609
8604	552356	89545
8605	552415	89480
8606	552474	89415
8607	552536	89350
8608	552599	89286
8609	552668	89222
8610	552732	89158
8611	552802	89095
8612	552870	89031
8613	552939	88968
8614	552999	88903
8615	553067	88840
8616	553132	88775
8617	553197	88711
8618	553257	88647
8619	553322	88582
8620	553384	88518
8621	553451	88454
8622	553508	88389
8623	553569	88324
8624	553631	88260
8625	553686	88194
8626	553753	88130
8627	553817	88066
8628	553877	88001
8629	553936	87936
8630	554001	87872
8631	554062	87807
8632	554125	87743
8633	554185	87678
8634	554249	87614
8635	554302	87548
8636	554361	87483
8637	554420	87418
8638	554484	87354
8639	554553	87290
8640	554620	87227
8641	554685	87163
8642	554748	87098
8643	554809	87033
8644	554870	86969
8645	554934	86905
8646	554992	86839
8647	555054	86775
8648	555119	86711
8649	555181	86646
8650	555242	86582
8651	555305	86517
8652	555369	86453
8653	555421	86387
8654	555486	86323
8655	555547	86258
8656	555621	86196
8657	555682	86131
8658	555751	86068
8659	555820	86004
8660	555887	85940
8661	555959	85877
8662	556024	85813
8663	556089	85749
8664	556151	85685
8665	556218	85621
8666	556279	85556
8667	556353	85494
8668	556422	85430
8669	556486	85366
8670	556540	85300
8671	556609	85237
8672	556658	85170
8673	556708	85104
8674	556761	85038
8675	556821	84973
8676	556889	84910
8677	556947	84844
8678	557006	84780
8679	557068	84715
8680	557137	84652
8681	557197	84587
8682	557262	84523
8683	557327	84459
8684	557393	84395
8685	557454	84330
8686	557514	84265
8687	557577	84201
8688	557634	84136
8689	557704	84072
8690	557764	84008
8691	557826	83943
8692	557888	83879
8693	557947	83814
8694	558011	83749
8695	558073	83685
8696	558144	83622
8697	558210	83558
8698	558277	83494
8699	558344	83430
8700	558403	83365
8701	558468	83301
8702	558532	83237
8703	558596	83173
8704	558657	83108
8705	558728	83045
8706	558783	82980
8707	558849	82916
8708	558911	82851
8709	558967	82786
8710	559033	82722
8711	559097	82658
8712	559160	82593
8713	559211	82527
8714	559272	82463
8715	559339	82399
8716	559397	82334
8717	559465	82270
8718	559528	82206
8719	559584	82140
8720	559651	82077
8721	559721	82013
8722	559787	81949
8723	559851	81885
8724	559911	81820
8725	559977	81757
8726	560036	81692
8727	560100	81627
8728	560158	81562
8729	560217	81497
8730	560280	81433
8731	560336	81368
8732	560394	81303
8733	560460	81239
8734	560526	81175
8735	560590	81111
8736	560653	81046
8737	560718	80982
8738	560781	80918
8739	560841	80853
8740	560899	80788
8741	560962	80724
8742	561024	80659
8743	561079	80594
8744	561140	80529
8745	561201	80465
8746	561255	80399
8747	561315	80334
8748	561380	80270
8749	561443	80206
8750	561511	80142
8751	561571	80077
8752	561637	80013
8753	561690	79948
8754	561749	79883
8755	561807	79818
8756	561870	79753
8757	561928	79688
8758	561994	79624
8759	562054	79560
8760	562127	79497
8761	562196	79433
8762	562256	79369
8763	562321	79305
8764	562379	79239
8765	562439	79175
8766	562495	79109
8767	562552	79044
8768	562611	78979
8769	562675	78915
8770	562737	78851
8771	562800	78786
8772	562863	78722
8773	562923	78657
8774	562988	78593
8775	563054	78529
8776	563118	78465
8777	563180	78401
8778	563241	78336
8779	563310	78273
8780	563381	78209
8781	563444	78145
8782	563507	78081
8783	563563	78016
8784	563627	77951
8785	563688	77887
8786	563740	77821
8787	563801	77756
8788	563859	77691
8789	563923	77627
8790	563989	77563
8791	564051	77499
8792	564115	77435
8793	564174	77370
8794	564244	77306
8795	564312	77243
8796	564372	77178
8797	564428	77113
8798	564498	77049
8799	564559	76985
8800	564625	76921
8801	564685	76856
8802	564746	76792
8803	564811	76728
8804	564872	76663
8805	564940	76599
8806	565008	76536
8807	565068	76471
8808	565142	76408
8809	565197	76343
8810	565257	76278
8811	565316	76213
8812	565387	76150
8813	565451	76086
8814	565518	76022
8815	565578	75957
8816	565642	75893
8817	565697	75828
8818	565759	75763
8819	565823	75699
8820	565887	75635
8821	565954	75571
8822	566025	75508
8823	566094	75444
8824	566156	75380
8825	566228	75317
8826	566293	75253
8827	566351	75188
8828	566419	75124
8829	566481	75060
8830	566539	74995
8831	566606	74931
8832	566668	74867
8833	566732	74802
8834	566788	74737
8835	566848	74673
8836	566905	74608
8837	566967	74543
8838	567029	74479
8839	567087	74414
8840	567153	74350
8841	567219	74286
8842	567277	74221
8843	567338	74156
8844	567408	74093
8845	567476	74029
8846	567538	73965
8847	567598	73900
8848	567661	73836
8849	567734	73773
8850	567804	73710
8851	567864	73645
8852	567930	73581
8853	567990	73516
8854	568055	73452
8855	568127	73389
8856	568194	73325
8857	568261	73262
8858	568329	73198
8859	568392	73134
8860	568455	73069
8861	568520	73005
8862	568583	72941
8863	568647	72877
8864	568712	72813
8865	568776	72748
8866	568842	72685
8867	568907	72621
8868	568962	72555
8869	569027	72491
8870	569096	72428
8871	569159	72363
8872	569218	72298
8873	569279	72234
8874	569338	72169
8875	569407	72106
8876	569475	72042
8877	569543	71978
8878	569601	71913
8879	569661	71849
8880	569733	71785
8881	569795	71721
8882	569864	71658
8883	569929	71593
8884	569983	71528
8885	570046	71464
8886	570101	71398
8887	570162	71334
8888	570226	71270
8889	570290	71206
8890	570351	71141
8891	570403	71075
8892	570454	71010
8893	570523	70946
8894	570579	70881
8895	570640	70816
8896	570703	70752
8897	570763	70687
8898	570832	70624
8899	570893	70559
8900	570960	70496
8901	571020	70431
8902	571078	70366
8903	571134	70301
8904	571206	70238
8905	571280	70175
8906	571337	70110
8907	571404	70046
8908	571470	69982
8909	571531	69918
8910	571599	69854
8911	571661	69789
8912	571723	69725
8913	571778	69660
8914	571842	69596
8915	571901	69531
8916	571955	69465
8917	572019	69401
8918	572073	69336
8919	572134	69271
8920	572197	69207
8921	572258	69143
8922	572327	69079
8923	572394	69015
8924	572453	68950
8925	572520	68887
8926	572581	68822
8927	572649	68758
8928	572710	68694
8929	572772	68630
8930	572831	68565
8931	572900	68501
8932	572958	68436
8933	573014	68371
8934	573075	68307
8935	573136	68242
8936	573199	68178
8937	573259	68113
8938	573319	68049
8939	573388	67985
8940	573454	67921
8941	573522	67858
8942	573592	67794
8943	573660	67730
8944	573719	67666
8945	573779	67601
8946	573842	67537
8947	573898	67472
8948	573964	67408
8949	574023	67343
8950	574090	67279
8951	574147	67214
8952	574217	67151
8953	574287	67087
8954	574347	67023
8955	574410	66958
8956	574469	66894
8957	574530	66829
8958	574597	66765
8959	574656	66701
8960	574726	66637
8961	574785	66573
8962	574847	66508
8963	574911	66444
8964	574973	66380
8965	575030	66315
8966	575093	66250
8967	575165	66187
8968	575232	66123
8969	575298	66059
8970	575357	65995
8971	575414	65930
8972	575469	65865
8973	575523	65799
8974	575595	65736
8975	575655	65671
8976	575722	65608
8977	575780	65543
8978	575841	65478
8979	575906	65414
8980	575971	65350
8981	576031	65286
8982	576099	65222
8983	576152	65157
8984	576219	65093
8985	576290	65029
8986	576348	64965
8987	576399	64899
8988	576459	64834
8989	576522	64770
8990	576584	64706
8991	576648	64642
8992	576709	64577
8993	576777	64513
8994	576841	64449
8995	576905	64385
8996	576973	64321
8997	577044	64258
8998	577106	64194
8999	577166	64129
9000	577224	64064
9001	577290	64000
9002	577354	63936
9003	577407	63871
9004	577473	63807
9005	577542	63743
9006	577605	63679
9007	577670	63615
9008	577731	63551
9009	577799	63487
9010	577867	63423
9011	577934	63359
9012	578004	63296
9013	578079	63233
9014	578147	63169
9015	578204	63104
9016	578260	63039
9017	578317	62974
9018	578377	62910
9019	578436	62845
9020	578506	62782
9021	578564	62717
9022	578623	62652
9023	578683	62588
9024	578752	62524
9025	578825	62461
9026	578889	62397
9027	578955	62333
9028	579023	62269
9029	579090	62205
9030	579153	62141
9031	579218	62077
9032	579291	62014
9033	579352	61949
9034	579420	61886
9035	579480	61821
9036	579539	61756
9037	579592	61691
9038	579660	61627
9039	579711	61562
9040	579773	61497
9041	579835	61433
9042	579903	61369
9043	579969	61305
9044	580035	61242
9045	580095	61177
9046	580149	61112
9047	580202	61046
9048	580266	60982
9049	580324	60918
9050	580384	60853
9051	580444	60788
9052	580509	60724
9053	580573	60660
9054	580637	60596
9055	580698	60532
9056	580759	60467
9057	580822	60403
9058	580878	60338
9059	580941	60274
9060	581001	60209
9061	581061	60145
9062	581122	60080
9063	581187	60016
9064	581248	59952
9065	581311	59888
9066	581370	59823
9067	581439	59759
9068	581490	59694
9069	581550	59629
9070	581609	59565
9071	581675	59501
9072	581735	59436
9073	581797	59372
9074	581855	59307
9075	581919	59243
9076	581979	59178
9077	582042	59114
9078	582103	59050
9079	582168	58986
9080	582230	58921
9081	582294	58857
9082	582352	58793
9083	582417	58729
9084	582484	58665
9085	582542	58600
9086	582602	58535
9087	582663	58471
9088	582725	58407
9089	582789	58343
9090	582856	58279
9091	582918	58214
9092	582984	58150
9093	583048	58086
9094	583115	58022
9095	583178	57958
9096	583247	57895
9097	583302	57830
9098	583371	57766
9099	583432	57702
9100	583497	57638
9101	583564	57574
9102	583622	57509
9103	583681	57444
9104	583751	57381
9105	583813	57317
9106	583868	57252
9107	583929	57187
9108	583986	57122
9109	584053	57059
9110	584119	56995
9111	584181	56930
9112	584239	56866
9113	584301	56801
9114	584371	56738
9115	584433	56673
9116	584499	56609
9117	584561	56545
9118	584620	56481
9119	584680	56416
9120	584747	56352
9121	584806	56288
9122	584860	56223
9123	584920	56158
9124	584979	56093
9125	585037	56029
9126	585102	55965
9127	585175	55901
9128	585242	55838
9129	585296	55773
9130	585364	55709
9131	585424	55644
9132	585484	55580
9133	585551	55516
9134	585611	55452
9135	585677	55388
9136	585739	55323
9137	585802	55259
9138	585857	55194
9139	585915	55129
9140	585979	55065
9141	586034	55000
9142	586101	54936
9143	586158	54872
9144	586221	54807
9145	586280	54743
9146	586346	54679
9147	586402	54614
9148	586463	54550
9149	586524	54485
9150	586586	54421
9151	586647	54357
9152	586707	54292
9153	586765	54228
9154	586833	54164
9155	586904	54100
9156	586975	54037
9157	587030	53972
9158	587094	53908
9159	587152	53843
9160	587212	53779
9161	587283	53715
9162	587352	53652
9163	587412	53587
9164	587473	53523
9165	587539	53459
9166	587601	53395
9167	587665	53330
9168	587729	53266
9169	587802	53203
9170	587863	53139
9171	587929	53075
9172	587985	53010
9173	588049	52946
9174	588104	52881
9175	588164	52816
9176	588227	52752
9177	588287	52688
9178	588347	52623
9179	588408	52559
9180	588464	52494
9181	588515	52429
9182	588581	52365
9183	588647	52301
9184	588709	52237
9185	588769	52172
9186	588832	52108
9187	588902	52044
9188	588960	51980
9189	589018	51915
9190	589083	51851
9191	589152	51787
9192	589202	51722
9193	589254	51657
9194	589309	51592
9195	589364	51527
9196	589425	51463
9197	589485	51398
9198	589546	51334
9199	589622	51271
9200	589683	51207
9201	589752	51143
9202	589805	51078
9203	589873	51014
9204	589934	50950
9205	589993	50885
9206	590063	50822
9207	590121	50757
9208	590182	50693
9209	590236	50628
9210	590301	50564
9211	590368	50500
9212	590428	50436
9213	590485	50371
9214	590552	50307
9215	590614	50243
9216	590684	50179
9217	590747	50115
9218	590811	50051
9219	590872	49987
9220	590932	49922
9221	590997	49858
9222	591060	49794
9223	591125	49730
9224	591183	49665
9225	591242	49601
9226	591303	49536
9227	591375	49473
9228	591440	49409
9229	591497	49344
9230	591558	49280
9231	591626	49216
9232	591686	49152
9233	591751	49088
9234	591823	49024
9235	591890	48961
9236	591951	48896
9237	592012	48832
9238	592077	48768
9239	592135	48703
9240	592191	48639
9241	592252	48574
9242	592310	48510
9243	592377	48446
9244	592449	48382
9245	592513	48318
9246	592580	48254
9247	592636	48190
9248	592694	48125
9249	592756	48061
9250	592817	47997
9251	592880	47932
9252	592940	47868
9253	592993	47803
9254	593052	47738
9255	593109	47674
9256	593177	47610
9257	593240	47546
9258	593300	47482
9259	593353	47417
9260	593415	47352
9261	593476	47288
9262	593543	47224
9263	593603	47160
9264	593651	47094
9265	593721	47031
9266	593784	46967
9267	593851	46903
9268	593910	46838
9269	593972	46774
9270	594035	46710
9271	594104	46646
9272	594170	46582
9273	594228	46518
9274	594286	46453
9275	594348	46389
9276	594418	46325
9277	594481	46261
9278	594538	46197
9279	594612	46133
9280	594679	46069
9281	594738	46005
9282	594804	45941
9283	594866	45877
9284	594929	45813
9285	594994	45749
9286	595058	45684
9287	595114	45620
9288	595180	45556
9289	595244	45492
9290	595305	45428
9291	595367	45363
9292	595422	45299
9293	595495	45235
9294	595559	45171
9295	595623	45107
9296	595674	45042
9297	595736	44978
9298	595794	44913
9299	595853	44849
9300	595917	44785
9301	595981	44721
9302	596044	44656
9303	596107	44592
9304	596171	44528
9305	596228	44464
9306	596293	44400
9307	596350	44335
9308	596414	44271
9309	596469	44206
9310	596531	44142
9311	596598	44078
9312	596658	44014
9313	596734	43951
9314	596798	43886
9315	596859	43822
9316	596918	43758
9317	596976	43693
9318	597034	43629
9319	597109	43565
9320	597159	43500
9321	597221	43436
9322	597289	43372
9323	597368	43309
9324	597436	43246
9325	597495	43181
9326	597568	43118
9327	597631	43054
9328	597693	42989
9329	597757	42925
9330	597823	42861
9331	597884	42797
9332	597952	42733
9333	598021	42670
9334	598086	42606
9335	598144	42541
9336	598202	42477
9337	598268	42413
9338	598323	42348
9339	598382	42283
9340	598450	42220
9341	598516	42156
9342	598584	42092
9343	598652	42028
9344	598726	41965
9345	598782	41900
9346	598845	41836
9347	598910	41772
9348	598969	41708
9349	599039	41644
9350	599089	41579
9351	599153	41515
9352	599218	41451
9353	599278	41386
9354	599337	41322
9355	599395	41258
9356	599459	41194
9357	599520	41129
9358	599590	41066
9359	599649	41001
9360	599715	40937
9361	599781	40873
9362	599838	40809
9363	599896	40744
9364	599952	40680
9365	600008	40615
9366	600069	40551
9367	600126	40486
9368	600185	40422
9369	600241	40357
9370	600305	40293
9371	600365	40229
9372	600424	40164
9373	600493	40101
9374	600560	40037
9375	600623	39973
9376	600682	39908
9377	600747	39844
9378	600814	39781
9379	600876	39716
9380	600936	39652
9381	600996	39588
9382	601052	39523
9383	601111	39459
9384	601165	39394
9385	601226	39330
9386	601292	39266
9387	601351	39201
9388	601408	39137
9389	601468	39073
9390	601525	39008
9391	601592	38944
9392	601659	38880
9393	601717	38816
9394	601777	38752
9395	601838	38687
9396	601900	38623
9397	601966	38559
9398	602034	38495
9399	602091	38431
9400	602155	38367
9401	602217	38303
9402	602277	38238
9403	602344	38174
9404	602409	38110
9405	602480	38047
9406	602544	37983
9407	602606	37919
9408	602675	37855
9409	602739	37791
9410	602796	37726
9411	602856	37662
9412	602919	37598
9413	602987	37534
9414	603054	37470
9415	603116	37406
9416	603186	37342
9417	603239	37278
9418	603296	37213
9419	603364	37149
9420	603423	37085
9421	603484	37021
9422	603539	36956
9423	603598	36892
9424	603652	36827
9425	603707	36762
9426	603768	36698
9427	603831	36634
9428	603891	36570
9429	603953	36506
9430	604014	36441
9431	604076	36377
9432	604143	36313
9433	604208	36249
9434	604272	36185
9435	604344	36122
9436	604406	36058
9437	604465	35993
9438	604526	35929
9439	604584	35865
9440	604649	35801
9441	604709	35736
9442	604767	35672
9443	604824	35608
9444	604893	35544
9445	604952	35479
9446	605014	35415
9447	605071	35351
9448	605131	35287
9449	605186	35222
9450	605251	35158
9451	605300	35093
9452	605365	35029
9453	605420	34965
9454	605482	34900
9455	605545	34836
9456	605607	34772
9457	605664	34708
9458	605724	34643
9459	605794	34580
9460	605853	34515
9461	605913	34451
9462	605972	34387
9463	606028	34322
9464	606085	34258
9465	606153	34194
9466	606217	34130
9467	606284	34066
9468	606345	34002
9469	606402	33938
9470	606466	33873
9471	606539	33810
9472	606599	33746
9473	606660	33682
9474	606728	33618
9475	606802	33554
9476	606860	33490
9477	606934	33426
9478	606997	33362
9479	607056	33298
9480	607125	33234
9481	607186	33170
9482	607241	33105
9483	607296	33041
9484	607362	32977
9485	607412	32912
9486	607468	32848
9487	607528	32784
9488	607599	32720
9489	607669	32656
9490	607730	32592
9491	607795	32528
9492	607862	32464
9493	607922	32400
9494	607993	32336
9495	608058	32272
9496	608122	32208
9497	608188	32144
9498	608250	32080
9499	608315	32016
9500	608378	31952
9501	608442	31888
9502	608497	31823
9503	608550	31759
9504	608614	31695
9505	608679	31631
9506	608732	31566
9507	608793	31502
9508	608856	31438
9509	608923	31374
9510	608985	31310
9511	609049	31246
9512	609115	31182
9513	609185	31118
9514	609242	31054
9515	609309	30990
9516	609373	30926
9517	609438	30862
9518	609487	30797
9519	609542	30733
9520	609613	30669
9521	609668	30605
9522	609724	30540
9523	609790	30476
9524	609857	30412
9525	609922	30348
9526	609983	30284
9527	610049	30220
9528	610116	30156
9529	610180	30092
9530	610248	30029
9531	610317	29965
9532	610386	29901
9533	610440	29836
9534	610494	29772
9535	610552	29708
9536	610616	29644
9537	610672	29579
9538	610730	29515
9539	610799	29451
9540	610867	29387
9541	610927	29323
9542	610981	29258
9543	611047	29195
9544	611115	29131
9545	611176	29067
9546	611240	29003
9547	611299	28938
9548	611362	28874
9549	611429	28810
9550	611491	28746
9551	611553	28682
9552	611616	28618
9553	611680	28554
9554	611740	28490
9555	611812	28426
9556	611875	28362
9557	611940	28298
9558	612007	28234
9559	612064	28170
9560	612132	28106
9561	612191	28042
9562	612247	27977
9563	612301	27913
9564	612359	27849
9565	612420	27784
9566	612485	27720
9567	612549	27656
9568	612614	27592
9569	612669	27528
9570	612732	27464
9571	612794	27400
9572	612855	27336
9573	612917	27272
9574	612977	27207
9575	613029	27143
9576	613089	27079
9577	613152	27015
9578	613209	26950
9579	613275	26886
9580	613338	26822
9581	613406	26758
9582	613471	26694
9583	613529	26630
9584	613592	26566
9585	613646	26502
9586	613714	26438
9587	613772	26374
9588	613840	26310
9589	613906	26246
9590	613961	26181
9591	614016	26117
9592	614075	26053
9593	614133	25988
9594	614198	25924
9595	614257	25860
9596	614313	25796
9597	614368	25732
9598	614434	25668
9599	614504	25604
9600	614564	25540
9601	614619	25475
9602	614694	25412
9603	614754	25348
9604	614828	25284
9605	614894	25220
9606	614965	25156
9607	615039	25093
9608	615105	25029
9609	615171	24965
9610	615231	24901
9611	615293	24837
9612	615354	24772
9613	615421	24709
9614	615478	24644
9615	615544	24580
9616	615598	24516
9617	615652	24451
9618	615721	24388
9619	615788	24324
9620	615849	24260
9621	615910	24196
9622	615973	24131
9623	616031	24067
9624	616102	24003
9625	616168	23940
9626	616227	23875
9627	616285	23811
9628	616350	23747
9629	616414	23683
9630	616489	23620
9631	616558	23556
9632	616619	23492
9633	616677	23427
9634	616743	23363
9635	616809	23299
9636	616868	23235
9637	616926	23171
9638	616984	23107
9639	617050	23043
9640	617114	22979
9641	617181	22915
9642	617251	22851
9643	617314	22787
9644	617371	22723
9645	617433	22659
9646	617493	22595
9647	617554	22531
9648	617614	22466
9649	617670	22402
9650	617730	22338
9651	617796	22274
9652	617855	22210
9653	617918	22146
9654	617977	22082
9655	618038	22017
9656	618102	21953
9657	618163	21889
9658	618220	21825
9659	618277	21761
9660	618340	21697
9661	618394	21632
9662	618464	21569
9663	618515	21504
9664	618570	21440
9665	618625	21376
9666	618690	21312
9667	618750	21247
9668	618808	21183
9669	618869	21119
9670	618932	21055
9671	618981	20991
9672	619040	20926
9673	619102	20862
9674	619161	20798
9675	619226	20734
9676	619288	20670
9677	619356	20606
9678	619417	20542
9679	619480	20478
9680	619547	20414
9681	619601	20350
9682	619658	20286
9683	619715	20222
9684	619772	20157
9685	619833	20093
9686	619892	20029
9687	619957	19965
9688	620025	19901
9689	620095	19837
9690	620160	19773
9691	620224	19709
9692	620295	19646
9693	620353	19582
9694	620413	19517
9695	620474	19453
9696	620540	19389
9697	620599	19325
9698	620660	19261
9699	620721	19197
9700	620784	19133
9701	620846	19069
9702	620907	19005
9703	620977	18941
9704	621042	18877
9705	621104	18813
9706	621164	18749
9707	621228	18685
9708	621291	18621
9709	621352	18557
9710	621411	18493
9711	621488	18429
9712	621554	18365
9713	621612	18301
9714	621671	18237
9715	621732	18173
9716	621795	18109
9717	621856	18045
9718	621919	17981
9719	621973	17916
9720	622036	17852
9721	622106	17789
9722	622165	17724
9723	622234	17661
9724	622301	17597
9725	622362	17533
9726	622427	17469
9727	622485	17405
9728	622554	17341
9729	622613	17277
9730	622678	17213
9731	622739	17149
9732	622806	17085
9733	622872	17021
9734	622939	16957
9735	623007	16893
9736	623067	16829
9737	623129	16765
9738	623179	16700
9739	623238	16636
9740	623299	16572
9741	623356	16508
9742	623423	16444
9743	623481	16380
9744	623550	16316
9745	623616	16252
9746	623670	16188
9747	623724	16124
9748	623776	16059
9749	623840	15995
9750	623897	15931
9751	623957	15867
9752	624014	15803
9753	624074	15739
9754	624128	15675
9755	624194	15611
9756	624247	15546
9757	624298	15482
9758	624362	15418
9759	624421	15354
9760	624485	15290
9761	624543	15226
9762	624606	15162
9763	624670	15098
9764	624734	15034
9765	624791	14970
9766	624853	14906
9767	624912	14842
9768	624975	14778
9769	625038	14714
9770	625102	14650
9771	625172	14586
9772	625237	14522
9773	625302	14458
9774	625359	14394
9775	625424	14330
9776	625488	14266
9777	625552	14202
9778	625611	14138
9779	625668	14074
9780	625721	14010
9781	625785	13946
9782	625851	13882
9783	625905	13818
9784	625976	13754
9785	626038	13690
9786	626094	13626
9787	626160	13562
9788	626226	13498
9789	626289	13434
9790	626356	13370
9791	626427	13306
9792	626492	13242
9793	626549	13178
9794	626618	13114
9795	626686	13050
9796	626747	12986
9797	626813	12922
9798	626883	12858
9799	626945	12794
9800	627012	12730
9801	627076	12666
9802	627143	12603
9803	627199	12538
9804	627262	12474
9805	627319	12410
9806	627381	12346
9807	627438	12282
9808	627497	12218
9809	627567	12154
9810	627636	12090
9811	627694	12026
9812	627765	11962
9813	627827	11898
9814	627895	11835
9815	627956	11770
9816	628029	11707
9817	628085	11643
9818	628145	11579
9819	628212	11515
9820	628278	11451
9821	628344	11387
9822	628408	11323
9823	628473	11259
9824	628536	11195
9825	628595	11131
9826	628651	11067
9827	628717	11003
9828	628772	10939
9829	628831	10875
9830	628888	10810
9831	628945	10746
9832	629006	10682
9833	629061	10618
9834	629126	10554
9835	629196	10490
9836	629253	10426
9837	629320	10362
9838	629375	10298
9839	629441	10234
9840	629509	10170
9841	629577	10107
9842	629631	10042
9843	629690	9978
9844	629753	9914
9845	629812	9850
9846	629879	9786
9847	629947	9722
9848	630007	9658
9849	630063	9594
9850	630135	9531
9851	630200	9467
9852	630256	9402
9853	630321	9339
9854	630389	9275
9855	630455	9211
9856	630518	9147
9857	630588	9083
9858	630657	9019
9859	630723	8955
9860	630785	8891
9861	630840	8827
9862	630908	8763
9863	630973	8699
9864	631039	8635
9865	631107	8571
9866	631164	8507
9867	631228	8443
9868	631294	8379
9869	631357	8315
9870	631420	8251
9871	631484	8187
9872	631546	8123
9873	631608	8059
9874	631662	7995
9875	631729	7931
9876	631783	7867
9877	631846	7803
9878	631905	7739
9879	631965	7675
9880	632024	7611
9881	632080	7547
9882	632144	7483
9883	632209	7419
9884	632274	7355
9885	632332	7291
9886	632396	7227
9887	632462	7163
9888	632521	7099
9889	632587	7035
9890	632648	6971
9891	632716	6907
9892	632777	6843
9893	632844	6780
9894	632910	6716
9895	632973	6652
9896	633027	6588
9897	633098	6524
9898	633167	6460
9899	633230	6396
9900	633294	6332
9901	633360	6268
9902	633424	6204
9903	633486	6140
9904	633551	6076
9905	633612	6012
9906	633675	5948
9907	633735	5884
9908	633797	5820
9909	633855	5756
9910	633923	5692
9911	633980	5628
9912	634045	5564
9913	634117	5500
9914	634178	5436
9915	634239	5372
9916	634296	5308
9917	634362	5244
9918	634426	5180
9919	634494	5116
9920	634554	5052
9921	634623	4988
9922	634692	4925
9923	634756	4861
9924	634818	4797
9925	634875	4733
9926	634933	4669
9927	634992	4605
9928	635052	4541
9929	635108	4477
9930	635170	4413
9931	635229	4349
9932	635299	4285
9933	635353	4221
9934	635409	4157
9935	635467	4093
9936	635524	4029
9937	635589	3965
9938	635649	3901
9939	635711	3837
9940	635774	3773
9941	635828	3709
9942	635885	3645
9943	635949	3581
9944	636015	3517
9945	636077	3453
9946	636135	3389
9947	636201	3325
9948	636260	3261
9949	636318	3197
9950	636379	3133
9951	636444	3069
9952	636501	3005
9953	636549	2941
9954	636617	2877
9955	636679	2813
9956	636746	2749
9957	636809	2685
9958	636862	2621
9959	636925	2557
9960	636988	2493
9961	637047	2430
9962	637107	2366
9963	637159	2302
9964	637223	2238
9965	637279	2174
9966	637338	2110
9967	637393	2046
9968	637469	1982
9969	637536	1918
9970	637601	1854
9971	637661	1790
9972	637732	1726
9973	637793	1662
9974	637855	1598
9975	637924	1534
9976	637976	1470
9977	638041	1406
9978	638109	1342
9979	638177	1278
9980	638234	1214
9981	638305	1151
9982	638368	1087
9983	638432	1023
9984	638500	959
9985	638552	895
9986	638610	831
9987	638677	767
9988	638739	703
9989	638808	639
9990	638870	575
9991	638932	511
9992	638988	447
9993	639050	383
9994	639111	319
9995	639174	255
9996	639238	191
9997	639308	127
9998	639366	63
9999	639426	0
